color,order,n_items,n_source_clusters,type,name,mean,sample_sd,per_seed,ci95_items,ci95_seed_items,ci_familywise95_seed_items,denominator_per_seed,diagnosis_view,regime,contrast
red-blue,canonical,400,400,repair,Frozen,0.0,0.0,"{""42"": 0.0, ""43"": 0.0, ""44"": 0.0}","[0.0, 0.0]","[0.0, 0.0]","[0.0, 0.0]","{""42"": 724, ""43"": 724, ""44"": 724}",,,
red-blue,canonical,400,400,break,Frozen,0.0,0.0,"{""42"": 0.0, ""43"": 0.0, ""44"": 0.0}","[0.0, 0.0]","[0.0, 0.0]","[0.0, 0.0]","{""42"": 876, ""43"": 876, ""44"": 876}",,,
red-blue,canonical,400,400,word_correct_assignment_error,Frozen,0.45112781954887216,0.0,"{""42"": 0.45112781954887216, ""43"": 0.45112781954887216, ""44"": 0.45112781954887216}","[0.4242803504380476, 0.478397669880557]","[0.42428035043804757, 0.478397669880557]","[0.41404769309411715, 0.48911326793292986]","{""42"": 1596, ""43"": 1596, ""44"": 1596}",,,
red-blue,canonical,400,400,repair,Ranking,0.31215469613259667,0.02034657439593403,"{""42"": 0.3356353591160221, ""43"": 0.3011049723756906, ""44"": 0.29972375690607733}","[0.2746404421865378, 0.3504421911683804]","[0.2699866304775537, 0.3559335746804892]","[0.2556036582940556, 0.37376229948074846]","{""42"": 724, ""43"": 724, ""44"": 724}",,,
red-blue,canonical,400,400,break,Ranking,0.06659056316590564,0.008643696112329185,"{""42"": 0.07648401826484019, ""43"": 0.06278538812785389, ""44"": 0.060502283105022835}","[0.049795068529083865, 0.0843884306835835]","[0.04767308809945019, 0.08734102380412444]","[0.04147018853527751, 0.09725020113659617]","{""42"": 876, ""43"": 876, ""44"": 876}",,,
red-blue,canonical,400,400,word_correct_assignment_error,Ranking,0.3460735171261487,0.004532693068966326,"{""42"": 0.3408521303258145, ""43"": 0.34899749373433586, ""44"": 0.3483709273182957}","[0.3188913091868858, 0.3741927442859334]","[0.3183143247573347, 0.3744520976831559]","[0.30727352330512275, 0.3866372317248412]","{""42"": 1596, ""43"": 1596, ""44"": 1596}",,,
red-blue,canonical,400,400,repair,IS,0.5248618784530387,0.040903571533041035,"{""42"": 0.5676795580110497, ""43"": 0.4861878453038674, ""44"": 0.5207182320441989}","[0.48307690467223735, 0.5682576383154418]","[0.46772671892784434, 0.5823991224473059]","[0.4444106545352651, 0.6079013012932005]","{""42"": 724, ""43"": 724, ""44"": 724}",,,
red-blue,canonical,400,400,break,IS,0.10121765601217657,0.03432892179991335,"{""42"": 0.1404109589041096, ""43"": 0.07648401826484019, ""44"": 0.08675799086757992}","[0.0809964447260503, 0.12216202418038384]","[0.06643881062602129, 0.14232897424761531]","[0.056444872572269496, 0.1617123488206286]","{""42"": 876, ""43"": 876, ""44"": 876}",,,
red-blue,canonical,400,400,word_correct_assignment_error,IS,0.2685881370091896,0.005328885055210116,"{""42"": 0.2706766917293233, ""43"": 0.27255639097744355, ""44"": 0.262531328320802}","[0.24390243902439024, 0.29548365474500116]","[0.2428035043804756, 0.29694688414889164]","[0.22999429128376495, 0.3093919477513227]","{""42"": 1596, ""43"": 1596, ""44"": 1596}",,,
red-blue,canonical,400,400,repair,no_cross,0.5303867403314917,0.0588112399338226,"{""42"": 0.5870165745856354, ""43"": 0.46961325966850825, ""44"": 0.5345303867403315}","[0.4887375131213159, 0.5726784498690258]","[0.4608808986184193, 0.5986310977794281]","[0.4351903181309886, 0.6239214871720251]","{""42"": 724, ""43"": 724, ""44"": 724}",,,
red-blue,canonical,400,400,break,no_cross,0.1160578386605784,0.0472102471272684,"{""42"": 0.1678082191780822, ""43"": 0.07534246575342467, ""44"": 0.10502283105022832}","[0.09535055801085698, 0.13795661105742063]","[0.0711249274877969, 0.1680323946521271]","[0.057496397632913455, 0.1923155318618283]","{""42"": 876, ""43"": 876, ""44"": 876}",,,
red-blue,canonical,400,400,word_correct_assignment_error,no_cross,0.2742272347535505,0.0069865199179940315,"{""42"": 0.27694235588972427, ""43"": 0.27944862155388467, ""44"": 0.2662907268170426}","[0.24884985361773318, 0.3014001816823735]","[0.24718263136267443, 0.3022528160200251]","[0.23455193628043763, 0.313682844427631]","{""42"": 1596, ""43"": 1596, ""44"": 1596}",,,
red-blue,canonical,400,400,repair,no_response,0.24125230202578266,0.02312590857251264,"{""42"": 0.26795580110497236, ""43"": 0.22790055248618782, ""44"": 0.22790055248618782}","[0.20702348098896675, 0.2774676631939202]","[0.20147200794601167, 0.28362603943050313]","[0.18638497425576458, 0.3026252342292445]","{""42"": 724, ""43"": 724, ""44"": 724}",,,
red-blue,canonical,400,400,break,no_response,0.039954337899543384,0.009344010013553025,"{""42"": 0.05022831050228311, ""43"": 0.037671232876712334, ""44"": 0.03196347031963471}","[0.026665146332193083, 0.053939245297645384]","[0.0242492476730352, 0.057101541395200996]","[0.01928138867169921, 0.06735155073233427]","{""42"": 876, ""43"": 876, ""44"": 876}",,,
red-blue,canonical,400,400,word_correct_assignment_error,no_response,0.3636173767752715,0.005821787746351847,"{""42"": 0.35714285714285715, ""43"": 0.3684210526315789, ""44"": 0.36528822055137844}","[0.3350030786565753, 0.3932401385439606]","[0.3343763037129746, 0.3937697307225835]","[0.3223902342509102, 0.4073936511801783]","{""42"": 1596, ""43"": 1596, ""44"": 1596}",,,
red-blue,canonical,400,400,repair,no_preference,0.5478821362799263,0.013626748238442682,"{""42"": 0.56353591160221, ""43"": 0.5386740331491713, ""44"": 0.5414364640883977}","[0.505076959201081, 0.5910854674701064]","[0.50255659561627, 0.5933088581927142]","[0.48540557721055644, 0.6133603108884653]","{""42"": 724, ""43"": 724, ""44"": 724}",,,
red-blue,canonical,400,400,break,no_preference,0.11872146118721462,0.006040528107453411,"{""42"": 0.12557077625570778, ""43"": 0.11643835616438357, ""44"": 0.11415525114155252}","[0.0950195238604667, 0.14285847896959006]","[0.09350535462872255, 0.1439585615798344]","[0.08463952389802683, 0.15659539542860335]","{""42"": 876, ""43"": 876, ""44"": 876}",,,
red-blue,canonical,400,400,word_correct_assignment_error,no_preference,0.2685881370091896,0.00315364846920247,"{""42"": 0.2656641604010025, ""43"": 0.27192982456140347, ""44"": 0.2681704260651629}","[0.24479028233791952, 0.293368066009796]","[0.24342928660826035, 0.29388560007174175]","[0.23203119657671983, 0.3043864019877782]","{""42"": 1596, ""43"": 1596, ""44"": 1596}",,,
red-blue,canonical,400,400,repair,no_interaction,0.18462246777163904,0.004439986538210383,"{""42"": 0.18784530386740333, ""43"": 0.17955801104972377, ""44"": 0.18646408839779005}","[0.15275273895428285, 0.21733449991807866]","[0.15125826882477128, 0.2177203193292302]","[0.13979956773014626, 0.23226072337595458]","{""42"": 724, ""43"": 724, ""44"": 724}",,,
red-blue,canonical,400,400,break,no_interaction,0.06621004566210047,0.004115926113543363,"{""42"": 0.06164383561643836, ""43"": 0.06963470319634703, ""44"": 0.06735159817351598}","[0.04840613931523022, 0.08462504408226307]","[0.04782507347724738, 0.08581394071028713]","[0.04135293991413019, 0.09384905135647079]","{""42"": 876, ""43"": 876, ""44"": 876}",,,
red-blue,canonical,400,400,word_correct_assignment_error,no_interaction,0.4037176274018379,0.004076696177097584,"{""42"": 0.3997493734335839, ""43"": 0.40789473684210525, ""44"": 0.40350877192982454}","[0.3736670797945753, 0.43398456128855356]","[0.3732188858966451, 0.4343189901030911]","[0.36204014197671813, 0.4492473683388139]","{""42"": 1596, ""43"": 1596, ""44"": 1596}",,,
red-blue,canonical,400,400,regime_accuracy,Frozen,0.3606060606060606,0.0,"{""42"": 0.3606060606060606, ""43"": 0.3606060606060606, ""44"": 0.3606060606060606}","[0.3195266272189349, 0.4017341040462428]","[0.319526627218935, 0.4017341040462427]","[0.29939909276098015, 0.4192571523619429]","{""42"": 165, ""43"": 165, ""44"": 165}",canvas,nonpositive_response,
red-blue,canonical,400,400,regime_accuracy,Ranking,0.46262626262626266,0.004628864338339262,"{""42"": 0.4575757575757576, ""43"": 0.4636363636363637, ""44"": 0.46666666666666673}","[0.4187236525143029, 0.5058514549847672]","[0.41819949058937345, 0.5060240963855421]","[0.39878835396980555, 0.5231540565862999]","{""42"": 165, ""43"": 165, ""44"": 165}",canvas,nonpositive_response,
red-blue,canonical,400,400,regime_accuracy,IS,0.5767676767676768,0.02314432169169619,"{""42"": 0.5818181818181818, ""43"": 0.5515151515151515, ""44"": 0.596969696969697}","[0.5289845537757437, 0.6224295329466012]","[0.5232524532867321, 0.6303954051500118]","[0.5046018789257094, 0.649302487982331]","{""42"": 165, ""43"": 165, ""44"": 165}",canvas,nonpositive_response,
red-blue,canonical,400,400,regime_accuracy,no_cross,0.5616161616161617,0.016689607719048774,"{""42"": 0.5696969696969697, ""43"": 0.5424242424242425, ""44"": 0.5727272727272728}","[0.5149553571428572, 0.6070797532316203]","[0.5110541656421606, 0.613171750181554]","[0.4916232449770031, 0.6325585124396148]","{""42"": 165, ""43"": 165, ""44"": 165}",canvas,nonpositive_response,
red-blue,canonical,400,400,regime_accuracy,no_response,0.4090909090909091,0.0,"{""42"": 0.4090909090909091, ""43"": 0.4090909090909091, ""44"": 0.4090909090909091}","[0.36503388930534736, 0.4519230769230769]","[0.36451612903225805, 0.45212064961114823]","[0.34750378606727234, 0.4691398661560297]","{""42"": 165, ""43"": 165, ""44"": 165}",canvas,nonpositive_response,
red-blue,canonical,400,400,regime_accuracy,no_preference,0.6242424242424244,0.010497277621629563,"{""42"": 0.6303030303030304, ""43"": 0.6303030303030304, ""44"": 0.6121212121212122}","[0.5807102190981215, 0.6666666666666666]","[0.5781233517932488, 0.6694615589252461]","[0.5588862914973642, 0.6862665499870745]","{""42"": 165, ""43"": 165, ""44"": 165}",canvas,nonpositive_response,
red-blue,canonical,400,400,regime_accuracy,no_interaction,0.3686868686868687,0.009257728676678465,"{""42"": 0.3606060606060606, ""43"": 0.3666666666666667, ""44"": 0.3787878787878788}","[0.32533519810544825, 0.41200900046008737]","[0.3240220208097303, 0.4134645061728394]","[0.30680092592592595, 0.4315799928168819]","{""42"": 165, ""43"": 165, ""44"": 165}",canvas,nonpositive_response,
red-blue,canonical,400,400,regime_accuracy,Frozen,0.5978260869565217,0.0,"{""42"": 0.5978260869565217, ""43"": 0.5978260869565217, ""44"": 0.5978260869565217}","[0.5601466165413533, 0.6360294117647057]","[0.5601466165413533, 0.6360294117647058]","[0.5458297109132033, 0.6500903880070548]","{""42"": 138, ""43"": 138, ""44"": 138}",canvas,preference_dominated,
red-blue,canonical,400,400,regime_accuracy,Ranking,0.7584541062801934,0.020918488014116905,"{""42"": 0.7826086956521741, ""43"": 0.746376811594203, ""44"": 0.746376811594203}","[0.7176864402477409, 0.7979452054794521]","[0.7118863049095607, 0.803163863764839]","[0.695551948051948, 0.8209629752512965]","{""42"": 138, ""43"": 138, ""44"": 138}",canvas,preference_dominated,
red-blue,canonical,400,400,regime_accuracy,IS,0.822463768115942,0.007246376811594235,"{""42"": 0.8152173913043479, ""43"": 0.8224637681159421, ""44"": 0.8297101449275364}","[0.7878760627861346, 0.856060606060606]","[0.7848662825059102, 0.8593380614657209]","[0.7678737987987987, 0.875032281431091]","{""42"": 138, ""43"": 138, ""44"": 138}",canvas,preference_dominated,
red-blue,canonical,400,400,regime_accuracy,no_cross,0.8248792270531401,0.01823631506104048,"{""42"": 0.8224637681159421, ""43"": 0.8079710144927537, ""44"": 0.8442028985507247}","[0.79265016729779, 0.8569651741293532]","[0.7868474133839581, 0.8635372178157412]","[0.7705277214048142, 0.8805796585750163]","{""42"": 138, ""43"": 138, ""44"": 138}",canvas,preference_dominated,
red-blue,canonical,400,400,regime_accuracy,no_response,0.7439613526570049,0.01508453622801546,"{""42"": 0.7608695652173914, ""43"": 0.7391304347826088, ""44"": 0.7318840579710145}","[0.7009456264775413, 0.7848718828643331]","[0.698628922568736, 0.7876738964992389]","[0.6790260251973828, 0.8063044683769665]","{""42"": 138, ""43"": 138, ""44"": 138}",canvas,preference_dominated,
red-blue,canonical,400,400,regime_accuracy,no_preference,0.7958937198067634,0.011646921208928655,"{""42"": 0.8043478260869567, ""43"": 0.7826086956521741, ""44"": 0.8007246376811594}","[0.7557247551326292, 0.8345681315644]","[0.7534649332061069, 0.8367604025982378]","[0.7342220196386864, 0.8538826566951566]","{""42"": 138, ""43"": 138, ""44"": 138}",canvas,preference_dominated,
red-blue,canonical,400,400,regime_accuracy,no_interaction,0.7185990338164251,0.013717169917391987,"{""42"": 0.7282608695652174, ""43"": 0.7246376811594204, ""44"": 0.7028985507246377}","[0.6761875960061445, 0.7608142493638675]","[0.6744127761263623, 0.7634446732250438]","[0.6520041874065846, 0.7838084084084085]","{""42"": 138, ""43"": 138, ""44"": 138}",canvas,preference_dominated,
red-blue,canonical,400,400,regime_accuracy,Frozen,0.8041237113402063,1.3597399555105182e-16,"{""42"": 0.8041237113402062, ""43"": 0.8041237113402062, ""44"": 0.8041237113402062}","[0.7451923076923077, 0.8571428571428571]","[0.7451923076923077, 0.8571428571428572]","[0.7247191011235956, 0.8726415094339622]","{""42"": 97, ""43"": 97, ""44"": 97}",canvas,both_correct,
red-blue,canonical,400,400,regime_accuracy,Ranking,0.8608247422680412,0.005154639175257769,"{""42"": 0.8556701030927835, ""43"": 0.8608247422680412, ""44"": 0.865979381443299}","[0.8166624579124578, 0.8999999999999998]","[0.8152124143971969, 0.9009913882013202]","[0.7959556100217866, 0.9206226751284893]","{""42"": 97, ""43"": 97, ""44"": 97}",canvas,both_correct,
red-blue,canonical,400,400,regime_accuracy,IS,0.8831615120274914,0.0059520646308208625,"{""42"": 0.8762886597938144, ""43"": 0.8865979381443299, ""44"": 0.8865979381443299}","[0.8480378689937512, 0.9166666666666665]","[0.8438414977477477, 0.9198749999999998]","[0.8270302504972316, 0.9326259441024392]","{""42"": 97, ""43"": 97, ""44"": 97}",canvas,both_correct,
red-blue,canonical,400,400,regime_accuracy,no_cross,0.8865979381443299,0.02061855670103091,"{""42"": 0.865979381443299, ""43"": 0.8865979381443299, ""44"": 0.9072164948453608}","[0.8529411764705882, 0.9176470588235294]","[0.8445512820512819, 0.927394195301883]","[0.8240120430888405, 0.9422373984315949]","{""42"": 97, ""43"": 97, ""44"": 97}",canvas,both_correct,
red-blue,canonical,400,400,regime_accuracy,no_response,0.8711340206185567,0.008928096946231359,"{""42"": 0.8762886597938144, ""43"": 0.8608247422680412, ""44"": 0.8762886597938144}","[0.8223438903863433, 0.9139812659350404]","[0.8212978872343133, 0.9148936170212765]","[0.7969706999769745, 0.9329566085693537]","{""42"": 97, ""43"": 97, ""44"": 97}",canvas,both_correct,
red-blue,canonical,400,400,regime_accuracy,no_preference,0.8522336769759451,0.023808258523283516,"{""42"": 0.865979381443299, ""43"": 0.8247422680412372, ""44"": 0.865979381443299}","[0.8097639127120261, 0.8924761051373954]","[0.8016666666666666, 0.8985525922605708]","[0.7756641940235691, 0.9158552096052096]","{""42"": 97, ""43"": 97, ""44"": 97}",canvas,both_correct,
red-blue,canonical,400,400,regime_accuracy,no_interaction,0.8281786941580757,0.024359874362126804,"{""42"": 0.8556701030927835, ""43"": 0.8092783505154639, ""44"": 0.8195876288659795}","[0.7739429392446634, 0.8757582904516865]","[0.7684168755221388, 0.8817691477885653]","[0.7385887066311594, 0.9029925527352128]","{""42"": 97, ""43"": 97, ""44"": 97}",canvas,both_correct,
red-blue,canonical,400,400,regime_accuracy,Frozen,0.36526946107784425,6.798699777552591e-17,"{""42"": 0.3652694610778443, ""43"": 0.3652694610778443, ""44"": 0.3652694610778443}","[0.3251495398773006, 0.40584511077158136]","[0.3251495398773006, 0.40584511077158136]","[0.310105505794491, 0.4206411248710011]","{""42"": 167, ""43"": 167, ""44"": 167}",swapped_canvas,nonpositive_response,
red-blue,canonical,400,400,regime_accuracy,Ranking,0.4431137724550898,0.008982035928143728,"{""42"": 0.4341317365269461, ""43"": 0.4431137724550898, ""44"": 0.45209580838323354}","[0.4037261329652634, 0.4825046040515655]","[0.4018366133590681, 0.48343702439225045]","[0.38125, 0.5]","{""42"": 167, ""43"": 167, ""44"": 167}",swapped_canvas,nonpositive_response,
red-blue,canonical,400,400,regime_accuracy,IS,0.5838323353293413,0.007921411110971848,"{""42"": 0.5748502994011976, ""43"": 0.5868263473053892, ""44"": 0.5898203592814372}","[0.5367039120561521, 0.6300819564647259]","[0.5357124138963761, 0.631535140112488]","[0.5150529100529101, 0.6537871213300136]","{""42"": 167, ""43"": 167, ""44"": 167}",swapped_canvas,nonpositive_response,
red-blue,canonical,400,400,regime_accuracy,no_cross,0.5758483033932137,0.007534764905459808,"{""42"": 0.5748502994011976, ""43"": 0.5838323353293413, ""44"": 0.5688622754491018}","[0.5284760580488428, 0.6234948618001417]","[0.5280967143881347, 0.6244855967078189]","[0.5048922796478899, 0.6450854789975159]","{""42"": 167, ""43"": 167, ""44"": 167}",swapped_canvas,nonpositive_response,
red-blue,canonical,400,400,regime_accuracy,no_response,0.4171656686626746,0.006232532932533287,"{""42"": 0.41017964071856294, ""43"": 0.41916167664670656, ""44"": 0.4221556886227545}","[0.3749941148775893, 0.4588017671875673]","[0.3735623732251521, 0.4598412637893346]","[0.3558829828227587, 0.4765467701270943]","{""42"": 167, ""43"": 167, ""44"": 167}",swapped_canvas,nonpositive_response,
red-blue,canonical,400,400,regime_accuracy,no_preference,0.6227544910179641,0.002994011976047928,"{""42"": 0.625748502994012, ""43"": 0.6227544910179641, ""44"": 0.6197604790419161}","[0.5772074371427626, 0.6666666666666666]","[0.5763431143930562, 0.6676478015448605]","[0.5588197216677756, 0.6864465702090475]","{""42"": 167, ""43"": 167, ""44"": 167}",swapped_canvas,nonpositive_response,
red-blue,canonical,400,400,regime_accuracy,no_interaction,0.36327345309381237,0.012100155342297577,"{""42"": 0.3562874251497006, ""43"": 0.3562874251497006, ""44"": 0.37724550898203596}","[0.32149804496578693, 0.40490196078431373]","[0.31904349022846135, 0.406393695425779]","[0.3005769059289174, 0.4253348899412436]","{""42"": 167, ""43"": 167, ""44"": 167}",swapped_canvas,nonpositive_response,
red-blue,canonical,400,400,regime_accuracy,Frozen,0.585820895522388,0.0,"{""42"": 0.585820895522388, ""43"": 0.585820895522388, ""44"": 0.585820895522388}","[0.5482726692209452, 0.6241594827586203]","[0.5482726692209452, 0.6241594827586204]","[0.5321933843202585, 0.6402733601922533]","{""42"": 134, ""43"": 134, ""44"": 134}",swapped_canvas,preference_dominated,
red-blue,canonical,400,400,regime_accuracy,Ranking,0.7139303482587064,0.021863676407023556,"{""42"": 0.7388059701492536, ""43"": 0.7052238805970148, ""44"": 0.6977611940298507}","[0.6714277271192165, 0.7596633454106283]","[0.6655084325396825, 0.7645190018878766]","[0.6496062992125984, 0.7876581790123459]","{""42"": 134, ""43"": 134, ""44"": 134}",swapped_canvas,preference_dominated,
red-blue,canonical,400,400,regime_accuracy,IS,0.7748756218905473,0.01412663767612008,"{""42"": 0.7910447761194029, ""43"": 0.7649253731343283, ""44"": 0.7686567164179104}","[0.736638181035773, 0.8137271805273834]","[0.7333333333333332, 0.8164279294461295]","[0.715323016826923, 0.833473936899863]","{""42"": 134, ""43"": 134, ""44"": 134}",swapped_canvas,preference_dominated,
red-blue,canonical,400,400,regime_accuracy,no_cross,0.7686567164179103,0.006462876147644987,"{""42"": 0.7723880597014924, ""43"": 0.7611940298507462, ""44"": 0.7723880597014924}","[0.7313432835820894, 0.8062330623306233]","[0.7289017727816612, 0.8085939600134407]","[0.7108668843694885, 0.8253130935422605]","{""42"": 134, ""43"": 134, ""44"": 134}",swapped_canvas,preference_dominated,
red-blue,canonical,400,400,regime_accuracy,no_response,0.7089552238805971,0.016264548296793555,"{""42"": 0.7276119402985074, ""43"": 0.6977611940298507, ""44"": 0.7014925373134328}","[0.66540379944483, 0.7526052000661375]","[0.6642335766423357, 0.7566371681415929]","[0.6458414496786589, 0.7766003552680659]","{""42"": 134, ""43"": 134, ""44"": 134}",swapped_canvas,preference_dominated,
red-blue,canonical,400,400,regime_accuracy,no_preference,0.75,0.011194029850746301,"{""42"": 0.7388059701492536, ""43"": 0.7611940298507462, ""44"": 0.7499999999999999}","[0.7100896408988281, 0.7904801259346715]","[0.7073740546366978, 0.7943262411347519]","[0.6870053375142433, 0.8093865740740741]","{""42"": 134, ""43"": 134, ""44"": 134}",swapped_canvas,preference_dominated,
red-blue,canonical,400,400,regime_accuracy,no_interaction,0.6728855721393034,0.00215429204921506,"{""42"": 0.6716417910447761, ""43"": 0.6753731343283582, ""44"": 0.6716417910447761}","[0.6311274509803921, 0.7158293819489864]","[0.6310430376414846, 0.716795460874408]","[0.6114730846042119, 0.7387012799564271]","{""42"": 134, ""43"": 134, ""44"": 134}",swapped_canvas,preference_dominated,
red-blue,canonical,400,400,regime_accuracy,Frozen,0.7929292929292929,0.0,"{""42"": 0.7929292929292929, ""43"": 0.7929292929292929, ""44"": 0.7929292929292929}","[0.7340425531914894, 0.8480392156862744]","[0.7340425531914894, 0.8480392156862745]","[0.7061855670103093, 0.8680185403563941]","{""42"": 99, ""43"": 99, ""44"": 99}",swapped_canvas,both_correct,
red-blue,canonical,400,400,regime_accuracy,Ranking,0.8855218855218855,0.005831820900905348,"{""42"": 0.888888888888889, ""43"": 0.888888888888889, ""44"": 0.8787878787878788}","[0.8367688828108562, 0.9297193676667455]","[0.8365672894913597, 0.9296323529411765]","[0.8126369472153208, 0.9462520726622015]","{""42"": 99, ""43"": 99, ""44"": 99}",swapped_canvas,both_correct,
red-blue,canonical,400,400,regime_accuracy,IS,0.8888888888888888,0.015151515151515194,"{""42"": 0.8737373737373737, ""43"": 0.9040404040404041, ""44"": 0.888888888888889}","[0.8533935185185185, 0.9230769230769229]","[0.8480392156862745, 0.9271844660194173]","[0.8299154886540904, 0.942505511463845]","{""42"": 99, ""43"": 99, ""44"": 99}",swapped_canvas,both_correct,
red-blue,canonical,400,400,regime_accuracy,no_cross,0.8838383838383838,0.013362380358912055,"{""42"": 0.8686868686868687, ""43"": 0.8939393939393939, ""44"": 0.888888888888889}","[0.8475598944819235, 0.9166854354354353]","[0.8416625816993463, 0.9223508288328832]","[0.826077887490931, 0.939075199556733]","{""42"": 99, ""43"": 99, ""44"": 99}",swapped_canvas,both_correct,
red-blue,canonical,400,400,regime_accuracy,no_response,0.893939393939394,0.01010101010101011,"{""42"": 0.9040404040404041, ""43"": 0.8838383838383839, ""44"": 0.8939393939393939}","[0.85, 0.9330065359477124]","[0.8479774705581156, 0.9346405228758169]","[0.8277006471795314, 0.9518900343642612]","{""42"": 99, ""43"": 99, ""44"": 99}",swapped_canvas,both_correct,
red-blue,canonical,400,400,regime_accuracy,no_preference,0.8518518518518517,0.00291591045045261,"{""42"": 0.8535353535353535, ""43"": 0.8484848484848485, ""44"": 0.8535353535353535}","[0.8079304029304029, 0.8932071197411003]","[0.8065843621399176, 0.8950617283950615]","[0.7868713347235683, 0.9122099301534785]","{""42"": 99, ""43"": 99, ""44"": 99}",swapped_canvas,both_correct,
red-blue,canonical,400,400,regime_accuracy,no_interaction,0.8552188552188552,0.01623510229123391,"{""42"": 0.8737373737373737, ""43"": 0.8434343434343434, ""44"": 0.8484848484848485}","[0.8025844093017048, 0.9024857558371184]","[0.7989690721649485, 0.9049999999999999]","[0.7732181467006822, 0.9278657472916619]","{""42"": 99, ""43"": 99, ""44"": 99}",swapped_canvas,both_correct,
red-blue,canonical,400,400,diagnosis_guided,no_response,0.08917435221783039,0.029654026598790965,"{""42"": 0.11837944664031608, ""43"": 0.05909090909090897, ""44"": 0.09005270092226614}","[0.03691993878810703, 0.14231841570970113]","[0.02655722835866837, 0.15251283640928923]","[0.00038895697539971486, 0.1814068618934823]",,canvas,,nonpositive_response minus preference_dominated
red-blue,canonical,400,400,diagnosis_guided,no_preference,0.07404479578392627,0.03936545252972008,"{""42"": 0.05935441370223982, ""43"": 0.11864295125164692, ""44"": 0.04413702239789208}","[0.03612770642348723, 0.11308542774303719]","[0.015859836850279373, 0.13338702555139936]","[-0.0059814486497984385, 0.15682716224540025]",,canvas,,preference_dominated minus nonpositive_response
red-blue,canonical,400,400,diagnosis_guided,no_response,0.10074626865671639,0.00042569842888672915,"{""42"": 0.1012378228617391, ""43"": 0.10050049155420504, ""44"": 0.10050049155420504}","[0.04599793713256602, 0.1574333714846303]","[0.04177083121003005, 0.1604429680003513]","[0.018806588569111722, 0.18294766631013315]",,swapped_canvas,,nonpositive_response minus preference_dominated
red-blue,canonical,400,400,diagnosis_guided,no_preference,0.06379777757917005,0.03436059418006821,"{""42"": 0.10313700956296368, ""43"": 0.039659486996156956, ""44"": 0.0485968361783895}","[0.03007273766065324, 0.09961281711971026]","[0.015863043921229055, 0.12046686887032264]","[-0.002102264557329133, 0.14768032729755834]",,swapped_canvas,,preference_dominated minus nonpositive_response
red-blue,reversed,400,400,repair,Frozen,0.0,0.0,"{""42"": 0.0, ""43"": 0.0, ""44"": 0.0}","[0.0, 0.0]","[0.0, 0.0]","[0.0, 0.0]","{""42"": 754, ""43"": 754, ""44"": 754}",,,
red-blue,reversed,400,400,break,Frozen,0.0,0.0,"{""42"": 0.0, ""43"": 0.0, ""44"": 0.0}","[0.0, 0.0]","[0.0, 0.0]","[0.0, 0.0]","{""42"": 846, ""43"": 846, ""44"": 846}",,,
red-blue,reversed,400,400,word_correct_assignment_error,Frozen,0.47125,0.0,"{""42"": 0.47125, ""43"": 0.47125, ""44"": 0.47125}","[0.44623437499999996, 0.49625]","[0.44623437499999996, 0.49624999999999997]","[0.4360364583333334, 0.50625]","{""42"": 1600, ""43"": 1600, ""44"": 1600}",,,
red-blue,reversed,400,400,repair,Ranking,0.3492484526967286,0.010042278241910303,"{""42"": 0.3448275862068966, ""43"": 0.3607427055702918, ""44"": 0.3421750663129974}","[0.30628269250619944, 0.38986325952420453]","[0.30611097166443557, 0.39182236326035796]","[0.28821805710392673, 0.4092588760810777]","{""42"": 754, ""43"": 754, ""44"": 754}",,,
red-blue,reversed,400,400,break,Ranking,0.046887312844759645,0.007870364206240415,"{""42"": 0.0508274231678487, ""43"": 0.052009456264775406, ""44"": 0.037825059101654845}","[0.03263108672309726, 0.062353627788658494]","[0.03097169096036053, 0.06454368512110724]","[0.025358168386488435, 0.07102647678266977]","{""42"": 846, ""43"": 846, ""44"": 846}",,,
red-blue,reversed,400,400,word_correct_assignment_error,Ranking,0.33145833333333335,0.0036621657981764527,"{""42"": 0.335625, ""43"": 0.32875, ""44"": 0.33}","[0.3054114583333333, 0.3589583333333333]","[0.3049947916666666, 0.36]","[0.2932858796296296, 0.3708570601851852]","{""42"": 1600, ""43"": 1600, ""44"": 1600}",,,
red-blue,reversed,400,400,repair,IS,0.5932802829354554,0.004051791065389804,"{""42"": 0.596816976127321, ""43"": 0.5888594164456233, ""44"": 0.5941644562334218}","[0.5470908844585151, 0.6364535441725104]","[0.5463673811606883, 0.6374889478337755]","[0.5244850173542999, 0.657183055995457]","{""42"": 754, ""43"": 754, ""44"": 754}",,,
red-blue,reversed,400,400,break,IS,0.07840819542947201,0.00918138707465015,"{""42"": 0.07565011820330969, ""43"": 0.08865248226950354, ""44"": 0.07092198581560283}","[0.06064119194321333, 0.09741784037558687]","[0.05804297527254905, 0.1002455790742008]","[0.05074552555348644, 0.1087299571523451]","{""42"": 846, ""43"": 846, ""44"": 846}",,,
red-blue,reversed,400,400,word_correct_assignment_error,IS,0.23312500000000003,0.006525191568069091,"{""42"": 0.23, ""43"": 0.240625, ""44"": 0.22875}","[0.20833333333333334, 0.25979166666666664]","[0.20687499999999998, 0.2602083333333333]","[0.19747627314814814, 0.2725237268518519]","{""42"": 1600, ""43"": 1600, ""44"": 1600}",,,
red-blue,reversed,400,400,repair,no_cross,0.614500442086649,0.011279708949755161,"{""42"": 0.6259946949602122, ""43"": 0.603448275862069, ""44"": 0.6140583554376657}","[0.5679012345679013, 0.6577546048722518]","[0.5660788190958431, 0.6607631435862265]","[0.546875315054256, 0.6783817296219126]","{""42"": 754, ""43"": 754, ""44"": 754}",,,
red-blue,reversed,400,400,break,no_cross,0.10126083530338847,0.015244714044249884,"{""42"": 0.11820330969267138, ""43"": 0.09692671394799053, ""44"": 0.08865248226950354}","[0.08115238184878719, 0.12263550576758858]","[0.07701211776036747, 0.1292116513582289]","[0.06721685283730444, 0.14097070094187567]","{""42"": 846, ""43"": 846, ""44"": 846}",,,
red-blue,reversed,400,400,word_correct_assignment_error,no_cross,0.23520833333333332,0.0056018040248953065,"{""42"": 0.23875, ""43"": 0.238125, ""44"": 0.22875}","[0.21, 0.26145833333333335]","[0.20895833333333333, 0.26187499999999997]","[0.1985179398148148, 0.27470196759259274]","{""42"": 1600, ""43"": 1600, ""44"": 1600}",,,
red-blue,reversed,400,400,repair,no_response,0.2705570291777188,0.020843811200930658,"{""42"": 0.2559681697612732, ""43"": 0.29442970822281167, ""44"": 0.2612732095490716}","[0.23303889669163544, 0.3088947858472998]","[0.22811383644978553, 0.31433804738318755]","[0.21148903909528083, 0.33127825539423394]","{""42"": 754, ""43"": 754, ""44"": 754}",,,
red-blue,reversed,400,400,break,no_response,0.035460992907801414,0.009382096847746775,"{""42"": 0.02836879432624113, ""43"": 0.04609929078014184, ""44"": 0.031914893617021274}","[0.02314237777936997, 0.04895960832313341]","[0.020665822932123008, 0.05239848280457488]","[0.016193755338147372, 0.06026632551768483]","{""42"": 846, ""43"": 846, ""44"": 846}",,,
red-blue,reversed,400,400,word_correct_assignment_error,no_response,0.3625,0.004881406047441651,"{""42"": 0.365625, ""43"": 0.356875, ""44"": 0.365}","[0.33479166666666665, 0.3914583333333333]","[0.33395312499999996, 0.391875]","[0.3239346064814814, 0.40356539351851856]","{""42"": 1600, ""43"": 1600, ""44"": 1600}",,,
red-blue,reversed,400,400,repair,no_preference,0.6467727674624226,0.02156277347171912,"{""42"": 0.6233421750663131, ""43"": 0.6657824933687002, ""44"": 0.6511936339522546}","[0.6028640864149379, 0.6878252080389387]","[0.5986224471403517, 0.6909022120035766]","[0.5791703868509709, 0.7103120788931016]","{""42"": 754, ""43"": 754, ""44"": 754}",,,
red-blue,reversed,400,400,break,no_preference,0.13475177304964536,0.0051523628174239555,"{""42"": 0.1382978723404255, ""43"": 0.1371158392434988, ""44"": 0.1288416075650118}","[0.11070288876699998, 0.15981308048223808]","[0.10951224579902866, 0.1607570770812277]","[0.10057633016010255, 0.17068954915538925]","{""42"": 846, ""43"": 846, ""44"": 846}",,,
red-blue,reversed,400,400,word_correct_assignment_error,no_preference,0.23770833333333333,0.011255785549366735,"{""42"": 0.250625, ""43"": 0.23, ""44"": 0.2325}","[0.21458333333333335, 0.2614583333333333]","[0.2125, 0.26416666666666666]","[0.20242881944444444, 0.27377372685185186]","{""42"": 1600, ""43"": 1600, ""44"": 1600}",,,
red-blue,reversed,400,400,repair,no_interaction,0.2360742705570292,0.017241379310344838,"{""42"": 0.21618037135278514, ""43"": 0.2453580901856764, ""44"": 0.24668435013262602}","[0.199827468869961, 0.2720250648753265]","[0.19617518638217132, 0.2758474645839197]","[0.18055439938456327, 0.29364899346532447]","{""42"": 754, ""43"": 754, ""44"": 754}",,,
red-blue,reversed,400,400,break,no_interaction,0.11702127659574468,0.010833512281219482,"{""42"": 0.10520094562647753, ""43"": 0.1193853427895981, ""44"": 0.12647754137115838}","[0.09372490286437156, 0.14184503461060935]","[0.09181930732997803, 0.14369864364671026]","[0.08128073268684494, 0.15245601425492822]","{""42"": 846, ""43"": 846, ""44"": 846}",,,
red-blue,reversed,400,400,word_correct_assignment_error,no_interaction,0.421875,0.003124999999999989,"{""42"": 0.425, ""43"": 0.41875, ""44"": 0.421875}","[0.3929114583333333, 0.45251041666666647]","[0.39249999999999996, 0.453125]","[0.38117881944444443, 0.4641666666666666]","{""42"": 1600, ""43"": 1600, ""44"": 1600}",,,
red-blue,reversed,400,400,regime_accuracy,Frozen,0.3502994011976048,0.0,"{""42"": 0.3502994011976048, ""43"": 0.3502994011976048, ""44"": 0.3502994011976048}","[0.3117969266358229, 0.3871951219512195]","[0.31179692663582287, 0.3871951219512195]","[0.29563377284413866, 0.40308358772650804]","{""42"": 167, ""43"": 167, ""44"": 167}",canvas,nonpositive_response,
red-blue,reversed,400,400,regime_accuracy,Ranking,0.4870259481037924,0.004573428837281253,"{""42"": 0.48802395209580834, ""43"": 0.49101796407185627, ""44"": 0.4820359281437126}","[0.4434146486229819, 0.5289855072463767]","[0.4429577707527009, 0.5303052584670231]","[0.4193627839634744, 0.5480593146341839]","{""42"": 167, ""43"": 167, ""44"": 167}",canvas,nonpositive_response,
red-blue,reversed,400,400,regime_accuracy,IS,0.6437125748502994,0.002994011976047928,"{""42"": 0.6467065868263474, ""43"": 0.6407185628742516, ""44"": 0.6437125748502994}","[0.5950854700854702, 0.6893004115226335]","[0.5936200454840805, 0.6900418863985939]","[0.5723931578236081, 0.7086428419902776]","{""42"": 167, ""43"": 167, ""44"": 167}",canvas,nonpositive_response,
red-blue,reversed,400,400,regime_accuracy,no_cross,0.6327345309381237,0.011335146398802986,"{""42"": 0.6197604790419161, ""43"": 0.6407185628742516, ""44"": 0.6377245508982036}","[0.5857095864661656, 0.6781036414565826]","[0.5828087104862909, 0.680871789541759]","[0.5586572541401322, 0.7025151990514978]","{""42"": 167, ""43"": 167, ""44"": 167}",canvas,nonpositive_response,
red-blue,reversed,400,400,regime_accuracy,no_response,0.4201596806387225,0.013500747762942767,"{""42"": 0.4341317365269461, ""43"": 0.407185628742515, ""44"": 0.41916167664670656}","[0.37654320987654316, 0.4613841698388082]","[0.375, 0.4640718562874252]","[0.35342010056414036, 0.4815568048206938]","{""42"": 167, ""43"": 167, ""44"": 167}",canvas,nonpositive_response,
red-blue,reversed,400,400,regime_accuracy,no_preference,0.7015968063872254,0.009624401957078758,"{""42"": 0.6946107784431138, ""43"": 0.6976047904191617, ""44"": 0.7125748502994012}","[0.6598018790849675, 0.7424242424242424]","[0.6578947368421053, 0.7443196342256926]","[0.6389347271807823, 0.7604553572088146]","{""42"": 167, ""43"": 167, ""44"": 167}",canvas,nonpositive_response,
red-blue,reversed,400,400,regime_accuracy,no_interaction,0.30738522954091824,0.0017285936203282346,"{""42"": 0.3083832335329342, ""43"": 0.3083832335329342, ""44"": 0.30538922155688625}","[0.26609848484848486, 0.3480130593278051]","[0.26543037450858675, 0.3486880354957161]","[0.2466440636618367, 0.3653061260990564]","{""42"": 167, ""43"": 167, ""44"": 167}",canvas,nonpositive_response,
red-blue,reversed,400,400,regime_accuracy,Frozen,0.5384615384615385,0.0,"{""42"": 0.5384615384615385, ""43"": 0.5384615384615385, ""44"": 0.5384615384615385}","[0.5102739726027398, 0.5687522644927535]","[0.5102739726027398, 0.5687522644927536]","[0.49961782252050707, 0.580549241057468]","{""42"": 143, ""43"": 143, ""44"": 143}",canvas,preference_dominated,
red-blue,reversed,400,400,regime_accuracy,Ranking,0.7132867132867133,0.003496503496503489,"{""42"": 0.7132867132867133, ""43"": 0.7097902097902098, ""44"": 0.7167832167832168}","[0.6705397213965144, 0.7563240495137047]","[0.6704226599106461, 0.7569468896713616]","[0.6525592443550191, 0.7741394250275315]","{""42"": 143, ""43"": 143, ""44"": 143}",canvas,preference_dominated,
red-blue,reversed,400,400,regime_accuracy,IS,0.8158508158508159,0.0040374144698575145,"{""42"": 0.8181818181818181, ""43"": 0.8111888111888111, ""44"": 0.8181818181818181}","[0.7761157685597985, 0.8534684521010558]","[0.7738925883034163, 0.8543123543123543]","[0.7572011558908521, 0.8688495104299703]","{""42"": 143, ""43"": 143, ""44"": 143}",canvas,preference_dominated,
red-blue,reversed,400,400,regime_accuracy,no_cross,0.8193473193473193,0.014130950644501363,"{""42"": 0.8216783216783218, ""43"": 0.8041958041958042, ""44"": 0.8321678321678322}","[0.7808219178082191, 0.855119825708061]","[0.7774110532862006, 0.8588831180984465]","[0.7620394461916445, 0.8747738563801757]","{""42"": 143, ""43"": 143, ""44"": 143}",canvas,preference_dominated,
red-blue,reversed,400,400,regime_accuracy,no_response,0.7039627039627039,0.014557104891371572,"{""42"": 0.6923076923076923, ""43"": 0.7202797202797203, ""44"": 0.6993006993006994}","[0.6635411753144652, 0.7450382371491643]","[0.6603511072261071, 0.7468770909367395]","[0.6404979315501589, 0.7651042952674898]","{""42"": 143, ""43"": 143, ""44"": 143}",canvas,preference_dominated,
red-blue,reversed,400,400,regime_accuracy,no_preference,0.7913752913752914,0.010681994626936668,"{""42"": 0.7797202797202798, ""43"": 0.8006993006993007, ""44"": 0.7937062937062938}","[0.7505659907275013, 0.8285722728807837]","[0.7476525821596244, 0.8309178743961352]","[0.7331052151775836, 0.8459971509971511]","{""42"": 143, ""43"": 143, ""44"": 143}",canvas,preference_dominated,
red-blue,reversed,400,400,regime_accuracy,no_interaction,0.6561771561771562,0.014557104891371526,"{""42"": 0.6398601398601399, ""43"": 0.6678321678321678, ""44"": 0.6608391608391608}","[0.6147152326839826, 0.697573689647365]","[0.6118342731829575, 0.7002589407856166]","[0.5919350509930221, 0.7163211218464844]","{""42"": 143, ""43"": 143, ""44"": 143}",canvas,preference_dominated,
red-blue,reversed,400,400,regime_accuracy,Frozen,0.7666666666666666,0.0,"{""42"": 0.7666666666666666, ""43"": 0.7666666666666666, ""44"": 0.7666666666666666}","[0.7021276595744682, 0.8269290123456788]","[0.7021276595744682, 0.8269290123456788]","[0.6785157099369429, 0.8532608695652174]","{""42"": 90, ""43"": 90, ""44"": 90}",canvas,both_correct,
red-blue,reversed,400,400,regime_accuracy,Ranking,0.85,0.005555555555555536,"{""42"": 0.85, ""43"": 0.8444444444444444, ""44"": 0.8555555555555555}","[0.7999919871794873, 0.8971985256828224]","[0.8, 0.8981481481481483]","[0.777527197164161, 0.9145891203703703]","{""42"": 90, ""43"": 90, ""44"": 90}",canvas,both_correct,
red-blue,reversed,400,400,regime_accuracy,IS,0.887037037037037,0.019510469912690193,"{""42"": 0.888888888888889, ""43"": 0.8666666666666667, ""44"": 0.9055555555555554}","[0.8430213923673225, 0.9265911172161172]","[0.8377748917748917, 0.9313725490196078]","[0.8181818181818182, 0.9462584272060078]","{""42"": 90, ""43"": 90, ""44"": 90}",canvas,both_correct,
red-blue,reversed,400,400,regime_accuracy,no_cross,0.9037037037037036,0.003207501495497845,"{""42"": 0.9055555555555554, ""43"": 0.9055555555555554, ""44"": 0.9}","[0.8636363636363636, 0.9403540100250629]","[0.8617874630450849, 0.941862642626949]","[0.8450133489241733, 0.9545454545454545]","{""42"": 90, ""43"": 90, ""44"": 90}",canvas,both_correct,
red-blue,reversed,400,400,regime_accuracy,no_response,0.8666666666666667,0.00962250448649373,"{""42"": 0.8611111111111112, ""43"": 0.8777777777777778, ""44"": 0.8611111111111112}","[0.8154084078248478, 0.912280701754386]","[0.8148096129837702, 0.9135802469135802]","[0.792047298587247, 0.9326636198163977]","{""42"": 90, ""43"": 90, ""44"": 90}",canvas,both_correct,
red-blue,reversed,400,400,regime_accuracy,no_preference,0.8129629629629629,0.019510469912690242,"{""42"": 0.8111111111111111, ""43"": 0.8333333333333333, ""44"": 0.7944444444444444}","[0.7653061224489796, 0.8581580663568925]","[0.7607250148091732, 0.8631613443721663]","[0.7395833333333334, 0.8815086950750034]","{""42"": 90, ""43"": 90, ""44"": 90}",canvas,both_correct,
red-blue,reversed,400,400,regime_accuracy,no_interaction,0.837037037037037,0.011564811108145202,"{""42"": 0.8277777777777777, ""43"": 0.8333333333333333, ""44"": 0.85}","[0.7843137254901961, 0.886574074074074]","[0.7823529411764707, 0.8877651718582168]","[0.7602612886859461, 0.9062633296920516]","{""42"": 90, ""43"": 90, ""44"": 90}",canvas,both_correct,
red-blue,reversed,400,400,regime_accuracy,Frozen,0.41116751269035534,0.0,"{""42"": 0.41116751269035534, ""43"": 0.41116751269035534, ""44"": 0.41116751269035534}","[0.3742999622990712, 0.4485341251885369]","[0.37429996229907114, 0.4485341251885369]","[0.35997589653145207, 0.46469102001553664]","{""42"": 197, ""43"": 197, ""44"": 197}",swapped_canvas,nonpositive_response,
red-blue,reversed,400,400,regime_accuracy,Ranking,0.5431472081218275,0.008792136079029797,"{""42"": 0.5380710659898478, ""43"": 0.5532994923857868, ""44"": 0.5380710659898478}","[0.5009553857092073, 0.5841586221122111]","[0.4991624790619765, 0.5862122179650916]","[0.4831384891136502, 0.6041916423001951]","{""42"": 197, ""43"": 197, ""44"": 197}",swapped_canvas,nonpositive_response,
red-blue,reversed,400,400,regime_accuracy,IS,0.6776649746192893,0.010152284263959421,"{""42"": 0.6776649746192893, ""43"": 0.6675126903553299, ""44"": 0.6878172588832487}","[0.6346461727927246, 0.720644816217733]","[0.6321839080459771, 0.7231224597417296]","[0.6145499492630039, 0.7408722462213603]","{""42"": 197, ""43"": 197, ""44"": 197}",swapped_canvas,nonpositive_response,
red-blue,reversed,400,400,regime_accuracy,no_cross,0.6717428087986463,0.0038769675930252815,"{""42"": 0.6675126903553299, ""43"": 0.6751269035532995, ""44"": 0.6725888324873096}","[0.6271456398217141, 0.7146377084904869]","[0.6255727455875268, 0.7154919035718005]","[0.6069085592769803, 0.7357997709911862]","{""42"": 197, ""43"": 197, ""44"": 197}",swapped_canvas,nonpositive_response,
red-blue,reversed,400,400,regime_accuracy,no_response,0.49746192893401014,0.005076142131979683,"{""42"": 0.49746192893401014, ""43"": 0.5025380710659898, ""44"": 0.49238578680203043}","[0.45719489981785055, 0.5383896356648431]","[0.4556792181205115, 0.54020242112333]","[0.4413915043465131, 0.5577048857368008]","{""42"": 197, ""43"": 197, ""44"": 197}",swapped_canvas,nonpositive_response,
red-blue,reversed,400,400,regime_accuracy,no_preference,0.7157360406091371,0.015438483579437069,"{""42"": 0.6979695431472082, ""43"": 0.7258883248730964, ""44"": 0.7233502538071066}","[0.6774193548387097, 0.754013563121018]","[0.6732018173122907, 0.7568489076357342]","[0.6546347966269841, 0.7722105300269962]","{""42"": 197, ""43"": 197, ""44"": 197}",swapped_canvas,nonpositive_response,
red-blue,reversed,400,400,regime_accuracy,no_interaction,0.4204737732656514,0.003876967593025257,"{""42"": 0.4213197969543147, ""43"": 0.42385786802030456, ""44"": 0.416243654822335}","[0.3811961722488038, 0.46165926037508476]","[0.38020488866843033, 0.46268686330253495]","[0.3675365497076023, 0.47988169824215604]","{""42"": 197, ""43"": 197, ""44"": 197}",swapped_canvas,nonpositive_response,
red-blue,reversed,400,400,regime_accuracy,Frozen,0.5757575757575757,0.0,"{""42"": 0.5757575757575757, ""43"": 0.5757575757575757, ""44"": 0.5757575757575757}","[0.5401459854014597, 0.612001724137931]","[0.5401459854014599, 0.612001724137931]","[0.5264700801547816, 0.6304728725380899]","{""42"": 132, ""43"": 132, ""44"": 132}",swapped_canvas,preference_dominated,
red-blue,reversed,400,400,regime_accuracy,Ranking,0.7853535353535354,0.017495462702715917,"{""42"": 0.7651515151515151, ""43"": 0.7954545454545454, ""44"": 0.7954545454545454}","[0.743002544529262, 0.8250705640608771]","[0.7394168797272824, 0.8284322670674107]","[0.7204129800903994, 0.8456109990686471]","{""42"": 132, ""43"": 132, ""44"": 132}",swapped_canvas,preference_dominated,
red-blue,reversed,400,400,regime_accuracy,IS,0.837121212121212,0.0037878787878787845,"{""42"": 0.8409090909090909, ""43"": 0.8333333333333334, ""44"": 0.837121212121212}","[0.7968727156432749, 0.8750072843822844]","[0.7965874440327311, 0.8763440860215054]","[0.7799368500380045, 0.8925395866881375]","{""42"": 132, ""43"": 132, ""44"": 132}",swapped_canvas,preference_dominated,
red-blue,reversed,400,400,regime_accuracy,no_cross,0.8345959595959594,0.008747731351357958,"{""42"": 0.8295454545454545, ""43"": 0.8295454545454545, ""44"": 0.8446969696969696}","[0.7949710012210013, 0.8718908042432464]","[0.7935883084577113, 0.873387370565269]","[0.7785451109447459, 0.8904220343531943]","{""42"": 132, ""43"": 132, ""44"": 132}",swapped_canvas,preference_dominated,
red-blue,reversed,400,400,regime_accuracy,no_response,0.75,0.017358241268772168,"{""42"": 0.731060606060606, ""43"": 0.7651515151515151, ""44"": 0.7537878787878788}","[0.7066185229303156, 0.7919626193142433]","[0.7034441396725881, 0.7945764520840354]","[0.6860298427924327, 0.8149176954732512]","{""42"": 132, ""43"": 132, ""44"": 132}",swapped_canvas,preference_dominated,
red-blue,reversed,400,400,regime_accuracy,no_preference,0.8017676767676768,0.018685162357258523,"{""42"": 0.7803030303030303, ""43"": 0.8106060606060607, ""44"": 0.8143939393939393}","[0.7609195402298852, 0.8396488927738928]","[0.7563192657402643, 0.8435120994962869]","[0.7347586759988335, 0.8595799092621128]","{""42"": 132, ""43"": 132, ""44"": 132}",swapped_canvas,preference_dominated,
red-blue,reversed,400,400,regime_accuracy,no_interaction,0.7285353535353535,0.004373865675678979,"{""42"": 0.731060606060606, ""43"": 0.7234848484848484, ""44"": 0.731060606060606}","[0.684522673573246, 0.7716082930756842]","[0.6834470591465759, 0.7726127554615926]","[0.6636376643174888, 0.78914867842055]","{""42"": 132, ""43"": 132, ""44"": 132}",swapped_canvas,preference_dominated,
red-blue,reversed,400,400,regime_accuracy,Frozen,0.8661971830985916,0.0,"{""42"": 0.8661971830985916, ""43"": 0.8661971830985916, ""44"": 0.8661971830985916}","[0.8076923076923077, 0.9196456128747794]","[0.8076923076923077, 0.9196456128747794]","[0.7776112735542561, 0.9386873117136277]","{""42"": 71, ""43"": 71, ""44"": 71}",swapped_canvas,both_correct,
red-blue,reversed,400,400,regime_accuracy,Ranking,0.9061032863849766,0.010757219941210937,"{""42"": 0.9084507042253522, ""43"": 0.8943661971830986, ""44"": 0.915492957746479}","[0.8626097972972974, 0.9460803167420815]","[0.8595238095238095, 0.9472258771929822]","[0.840306138462918, 0.962690294870676]","{""42"": 71, ""43"": 71, ""44"": 71}",swapped_canvas,both_correct,
red-blue,reversed,400,400,regime_accuracy,IS,0.9225352112676056,0.012197540898372359,"{""42"": 0.9366197183098592, ""43"": 0.915492957746479, ""44"": 0.915492957746479}","[0.8854096283783782, 0.9539473684210524]","[0.88, 0.958347602739726]","[0.8618124731555822, 0.9727561025282945]","{""42"": 71, ""43"": 71, ""44"": 71}",swapped_canvas,both_correct,
red-blue,reversed,400,400,regime_accuracy,no_cross,0.9178403755868546,0.021514439882421816,"{""42"": 0.9225352112676057, ""43"": 0.8943661971830986, ""44"": 0.9366197183098592}","[0.88, 0.9505208333333333]","[0.8711111111111111, 0.9577611502347417]","[0.8524195720772725, 0.9726027397260274]","{""42"": 71, ""43"": 71, ""44"": 71}",swapped_canvas,both_correct,
red-blue,reversed,400,400,regime_accuracy,no_response,0.903755868544601,0.004065846966124184,"{""42"": 0.9014084507042254, ""43"": 0.9084507042253522, ""44"": 0.9014084507042254}","[0.8521495910949568, 0.9485294117647058]","[0.8515972816780821, 0.9494978858350951]","[0.8283317875755043, 0.9632925298179535]","{""42"": 71, ""43"": 71, ""44"": 71}",swapped_canvas,both_correct,
red-blue,reversed,400,400,regime_accuracy,no_preference,0.8380281690140845,0.012197540898372359,"{""42"": 0.823943661971831, ""43"": 0.8450704225352113, ""44"": 0.8450704225352113}","[0.7866527777777778, 0.8871813725490195]","[0.7844444444444444, 0.8888888888888888]","[0.762445124443317, 0.9093732142219365]","{""42"": 71, ""43"": 71, ""44"": 71}",swapped_canvas,both_correct,
red-blue,reversed,400,400,regime_accuracy,no_interaction,0.8873239436619719,0.014084507042253502,"{""42"": 0.8873239436619719, ""43"": 0.9014084507042254, ""44"": 0.8732394366197184}","[0.8333333333333333, 0.9350321720025109]","[0.8288842592592591, 0.9383587987355111]","[0.8039215686274509, 0.9554366563967137]","{""42"": 71, ""43"": 71, ""44"": 71}",swapped_canvas,both_correct,
red-blue,reversed,400,400,diagnosis_guided,no_response,0.11166478232346515,0.028439476959722976,"{""42"": 0.08670072442527554, ""43"": 0.14262384322264576, ""44"": 0.10566977932247412}","[0.054915972520464366, 0.168988046274146]","[0.047627948202020765, 0.1788047487683223]","[0.018702902146797772, 0.20392303114661517]",,canvas,,nonpositive_response minus preference_dominated
red-blue,reversed,400,400,diagnosis_guided,no_preference,0.08235975601245045,0.013436630364787844,"{""42"": 0.08636573007830473, ""43"": 0.06737573803442054, ""44"": 0.0933377999246261}","[0.04311979327580884, 0.12248814623307425]","[0.037222064393939436, 0.1293709955288658]","[0.014649285834747802, 0.1490666373221665]",,canvas,,preference_dominated minus nonpositive_response
red-blue,reversed,400,400,diagnosis_guided,no_response,0.09308183356406703,0.02111776584504766,"{""42"": 0.07035456083679414, ""43"": 0.09679280110752186, ""44"": 0.1120981387478851}","[0.040438633919647485, 0.14593454373517464]","[0.0339734007034416, 0.15072878783235255]","[0.00997405028599066, 0.17505875042155603]",,swapped_canvas,,nonpositive_response minus preference_dominated
red-blue,reversed,400,400,diagnosis_guided,no_preference,0.07342460134338309,0.01313305010138494,"{""42"": 0.0809106291339795, ""43"": 0.08110290724503921, ""44"": 0.05826026765113057}","[0.04052058960800052, 0.1112190182755216]","[0.03451865912690069, 0.11695318073521768]","[0.02041745641551967, 0.13848703817443317]",,swapped_canvas,,preference_dominated minus nonpositive_response
green-yellow,canonical,400,400,repair,Frozen,0.0,0.0,"{""42"": 0.0, ""43"": 0.0, ""44"": 0.0}","[0.0, 0.0]","[0.0, 0.0]","[0.0, 0.0]","{""42"": 753, ""43"": 753, ""44"": 753}",,,
green-yellow,canonical,400,400,break,Frozen,0.0,0.0,"{""42"": 0.0, ""43"": 0.0, ""44"": 0.0}","[0.0, 0.0]","[0.0, 0.0]","[0.0, 0.0]","{""42"": 847, ""43"": 847, ""44"": 847}",,,
green-yellow,canonical,400,400,word_correct_assignment_error,Frozen,0.46285714285714286,0.0,"{""42"": 0.46285714285714286, ""43"": 0.46285714285714286, ""44"": 0.46285714285714286}","[0.4403779684222326, 0.48578692974048]","[0.4403779684222326, 0.48578692974048004]","[0.4300247111732784, 0.49521792689871413]","{""42"": 1575, ""43"": 1575, ""44"": 1575}",,,
green-yellow,canonical,400,400,repair,Ranking,0.3753873395307658,0.006684227034325609,"{""42"": 0.38247011952191234, ""43"": 0.36918990703851257, ""44"": 0.37450199203187245}","[0.33247508110789364, 0.4183096785001911]","[0.3315782437376865, 0.41906094672502453]","[0.3153707967781715, 0.4389526612705422]","{""42"": 753, ""43"": 753, ""44"": 753}",,,
green-yellow,canonical,400,400,break,Ranking,0.04053522235340417,0.005323789554690549,"{""42"": 0.04604486422668241, ""43"": 0.03541912632821723, ""44"": 0.04014167650531287}","[0.02677532013969732, 0.05530119934501744]","[0.02573099415204678, 0.05675584975806335]","[0.020205224018045108, 0.06301421855291826]","{""42"": 847, ""43"": 847, ""44"": 847}",,,
green-yellow,canonical,400,400,word_correct_assignment_error,Ranking,0.3056084656084656,0.00036657159948548816,"{""42"": 0.3053968253968254, ""43"": 0.30603174603174604, ""44"": 0.3053968253968254}","[0.28018577562437263, 0.33144660819324073]","[0.2801804980225149, 0.33184810339977827]","[0.26985979018655304, 0.343302327192906]","{""42"": 1575, ""43"": 1575, ""44"": 1575}",,,
green-yellow,canonical,400,400,repair,IS,0.6215139442231076,0.03002033082458786,"{""42"": 0.656042496679947, ""43"": 0.601593625498008, ""44"": 0.6069057104913679}","[0.5788283067836046, 0.6644179055402898]","[0.5692234708005737, 0.6731645021645022]","[0.546039987807642, 0.695068462261734]","{""42"": 753, ""43"": 753, ""44"": 753}",,,
green-yellow,canonical,400,400,break,IS,0.07044470680834317,0.017722676504049902,"{""42"": 0.0909090909090909, ""43"": 0.0602125147579693, ""44"": 0.0602125147579693}","[0.05414030519997107, 0.08873184138201805]","[0.04704907486228119, 0.09529411764705883]","[0.039321940631108665, 0.1070448105925548]","{""42"": 847, ""43"": 847, ""44"": 847}",,,
green-yellow,canonical,400,400,word_correct_assignment_error,IS,0.2074074074074074,0.004227509916494842,"{""42"": 0.20253968253968255, ""43"": 0.21015873015873016, ""44"": 0.2095238095238095}","[0.18525423128673607, 0.23003952009349501]","[0.18436053172416808, 0.23054368469597605]","[0.17581907921185533, 0.2406112592252598]","{""42"": 1575, ""43"": 1575, ""44"": 1575}",,,
green-yellow,canonical,400,400,repair,no_cross,0.6073483842408145,0.053786226817420284,"{""42"": 0.6666666666666666, ""43"": 0.5617529880478088, ""44"": 0.593625498007968}","[0.5667936953802365, 0.6486132579316981]","[0.5436702980117557, 0.6733637697163483]","[0.5165284047458758, 0.6961973378153934]","{""42"": 753, ""43"": 753, ""44"": 753}",,,
green-yellow,canonical,400,400,break,no_cross,0.08539944903581266,0.02079844197044284,"{""42"": 0.10861865407319952, ""43"": 0.07910271546635182, ""44"": 0.06847697756788665}","[0.06739514225107456, 0.10524308129478625]","[0.05849115551732503, 0.11320754716981131]","[0.049596907320847955, 0.12739045496998416]","{""42"": 847, ""43"": 847, ""44"": 847}",,,
green-yellow,canonical,400,400,word_correct_assignment_error,no_cross,0.22264550264550265,0.01594059687420152,"{""42"": 0.20761904761904762, ""43"": 0.23936507936507936, ""44"": 0.22095238095238096}","[0.2006823398203611, 0.24561431587932697]","[0.19595384461965556, 0.25005257956104665]","[0.1845971168028667, 0.2610011948638443]","{""42"": 1575, ""43"": 1575, ""44"": 1575}",,,
green-yellow,canonical,400,400,repair,no_response,0.32669322709163345,0.017568069794585577,"{""42"": 0.3399734395750332, ""43"": 0.3333333333333333, ""44"": 0.30677290836653387}","[0.2874145405370216, 0.367365621803946]","[0.2836870397976239, 0.36960604614505826]","[0.265627307574132, 0.3885907234902738]","{""42"": 753, ""43"": 753, ""44"": 753}",,,
green-yellow,canonical,400,400,break,no_response,0.035812672176308534,0.0037952187174313096,"{""42"": 0.04014167650531287, ""43"": 0.03305785123966942, ""44"": 0.034238488783943324}","[0.023809523809523808, 0.04917420804251628]","[0.02240566037735849, 0.05023603060630068]","[0.017264348526584972, 0.056488190142044]","{""42"": 847, ""43"": 847, ""44"": 847}",,,
green-yellow,canonical,400,400,word_correct_assignment_error,no_response,0.3259259259259259,0.007521420378377487,"{""42"": 0.3219047619047619, ""43"": 0.32126984126984126, ""44"": 0.33460317460317457}","[0.3012123157595282, 0.35189932243452954]","[0.29993037648863996, 0.3530706581962296]","[0.28878223693088856, 0.36294630360761215]","{""42"": 1575, ""43"": 1575, ""44"": 1575}",,,
green-yellow,canonical,400,400,repair,no_preference,0.6547144754316069,0.006085757895027731,"{""42"": 0.649402390438247, ""43"": 0.6533864541832669, ""44"": 0.6613545816733069}","[0.6131411090940213, 0.695204168847927]","[0.6130153053038635, 0.6973775616165467]","[0.5973993699107649, 0.712476378334563]","{""42"": 753, ""43"": 753, ""44"": 753}",,,
green-yellow,canonical,400,400,break,no_preference,0.11216056670602126,0.00514627974443999,"{""42"": 0.10979929161747343, ""43"": 0.10861865407319952, ""44"": 0.11806375442739078}","[0.08794067604457374, 0.13750543585421915]","[0.08704240199962028, 0.13846854359034466]","[0.07769403943913748, 0.15008790003676217]","{""42"": 847, ""43"": 847, ""44"": 847}",,,
green-yellow,canonical,400,400,word_correct_assignment_error,no_preference,0.2184126984126984,0.0010997147984564326,"{""42"": 0.21904761904761905, ""43"": 0.21714285714285714, ""44"": 0.21904761904761905}","[0.19691201353637902, 0.2404132368778386]","[0.1967106815708107, 0.24077657284357698]","[0.18558411821636808, 0.25021342268979063]","{""42"": 1575, ""43"": 1575, ""44"": 1575}",,,
green-yellow,canonical,400,400,repair,no_interaction,0.22089420097388224,0.01144977171879376,"{""42"": 0.22310756972111553, ""43"": 0.23107569721115537, ""44"": 0.20849933598937584}","[0.18830964632851427, 0.2539246270525389]","[0.1860625766994589, 0.2562480382167957]","[0.1729656206035314, 0.27192865685512746]","{""42"": 753, ""43"": 753, ""44"": 753}",,,
green-yellow,canonical,400,400,break,no_interaction,0.08461235733963006,0.010179076864523857,"{""42"": 0.08264462809917354, ""43"": 0.09563164108618653, ""44"": 0.0755608028335301}","[0.06643740274265705, 0.10322532286569792]","[0.06395966283192245, 0.1072713747253073]","[0.05613897764648352, 0.11888257899925433]","{""42"": 847, ""43"": 847, ""44"": 847}",,,
green-yellow,canonical,400,400,word_correct_assignment_error,no_interaction,0.4027513227513228,0.001832857997427409,"{""42"": 0.4006349206349206, ""43"": 0.40380952380952384, ""44"": 0.40380952380952384}","[0.3774488688264074, 0.42799417164124987]","[0.3767471171473037, 0.4284215893917032]","[0.36716379229101875, 0.4409071125878336]","{""42"": 1575, ""43"": 1575, ""44"": 1575}",,,
green-yellow,canonical,400,400,regime_accuracy,Frozen,0.37000000000000005,0.0,"{""42"": 0.37000000000000005, ""43"": 0.37000000000000005, ""44"": 0.37000000000000005}","[0.3333333333333333, 0.4033333333333333]","[0.3333333333333333, 0.4033333333333333]","[0.31528662420382164, 0.4184330418719813]","{""42"": 150, ""43"": 150, ""44"": 150}",canvas,nonpositive_response,
green-yellow,canonical,400,400,regime_accuracy,Ranking,0.4877777777777777,0.0019245008972987648,"{""42"": 0.49, ""43"": 0.48666666666666664, ""44"": 0.48666666666666664}","[0.4475524475524476, 0.5279642058165549]","[0.4473100874139399, 0.5279644013704418]","[0.43128407574240907, 0.5420427101152353]","{""42"": 150, ""43"": 150, ""44"": 150}",canvas,nonpositive_response,
green-yellow,canonical,400,400,regime_accuracy,IS,0.6622222222222223,0.011706281947614146,"{""42"": 0.65, ""43"": 0.6633333333333333, ""44"": 0.6733333333333333}","[0.6154663147310206, 0.7103462541778757]","[0.6137372741238348, 0.7112540756748559]","[0.593159074505885, 0.7290177155327892]","{""42"": 150, ""43"": 150, ""44"": 150}",canvas,nonpositive_response,
green-yellow,canonical,400,400,regime_accuracy,no_cross,0.6555555555555556,0.005091750772173153,"{""42"": 0.66, ""43"": 0.65, ""44"": 0.6566666666666666}","[0.6128670172266107, 0.6979166666666665]","[0.6111111111111112, 0.7010117302052785]","[0.5929613479758828, 0.7197580847550356]","{""42"": 150, ""43"": 150, ""44"": 150}",canvas,nonpositive_response,
green-yellow,canonical,400,400,regime_accuracy,no_response,0.45555555555555566,0.0019245008972987648,"{""42"": 0.45333333333333337, ""43"": 0.4566666666666667, ""44"": 0.4566666666666667}","[0.4155251141552512, 0.4938271604938271]","[0.4146335190203754, 0.4947636744806555]","[0.3998602590320381, 0.5093786659963131]","{""42"": 150, ""43"": 150, ""44"": 150}",canvas,nonpositive_response,
green-yellow,canonical,400,400,regime_accuracy,no_preference,0.7122222222222222,0.0019245008972987971,"{""42"": 0.71, ""43"": 0.7133333333333334, ""44"": 0.7133333333333334}","[0.6723327664399092, 0.7532810557397431]","[0.6719745222929937, 0.7542410050550103]","[0.6554842636063294, 0.7718270047658916]","{""42"": 150, ""43"": 150, ""44"": 150}",canvas,nonpositive_response,
green-yellow,canonical,400,400,regime_accuracy,no_interaction,0.35222222222222227,0.01347150628109127,"{""42"": 0.34, ""43"": 0.3666666666666667, ""44"": 0.35000000000000003}","[0.31677704194260486, 0.3870255283763099]","[0.31386333299540414, 0.39026980632649316]","[0.29622406843677773, 0.40476190476190477]","{""42"": 150, ""43"": 150, ""44"": 150}",canvas,nonpositive_response,
green-yellow,canonical,400,400,regime_accuracy,Frozen,0.5437158469945355,0.0,"{""42"": 0.5437158469945355, ""43"": 0.5437158469945355, ""44"": 0.5437158469945355}","[0.5170430469953775, 0.5706521739130435]","[0.5170430469953775, 0.5706521739130435]","[0.5077674581129925, 0.5815217391304348]","{""42"": 183, ""43"": 183, ""44"": 183}",canvas,preference_dominated,
green-yellow,canonical,400,400,regime_accuracy,Ranking,0.7231329690346083,0.001577459751884161,"{""42"": 0.7240437158469945, ""43"": 0.7240437158469945, ""44"": 0.7213114754098361}","[0.6850753632452616, 0.760469262480065]","[0.6843134661271916, 0.7609767927044351]","[0.6666666666666666, 0.7736086094644578]","{""42"": 183, ""43"": 183, ""44"": 183}",canvas,preference_dominated,
green-yellow,canonical,400,400,regime_accuracy,IS,0.819672131147541,0.011909559955029111,"{""42"": 0.8333333333333333, ""43"": 0.8142076502732241, ""44"": 0.8114754098360656}","[0.7878005699209434, 0.8503411023500309]","[0.783913930062186, 0.85174431988522]","[0.7722327500811857, 0.8632123870281766]","{""42"": 183, ""43"": 183, ""44"": 183}",canvas,preference_dominated,
green-yellow,canonical,400,400,regime_accuracy,no_cross,0.8060109289617486,0.021686486156267098,"{""42"": 0.8306010928961748, ""43"": 0.7896174863387978, ""44"": 0.7978142076502732}","[0.7762674903915446, 0.8351650881347016]","[0.7680400167916277, 0.8424850986571661]","[0.7531916086314233, 0.8576519114725697]","{""42"": 183, ""43"": 183, ""44"": 183}",canvas,preference_dominated,
green-yellow,canonical,400,400,regime_accuracy,no_response,0.7112932604735883,0.012320354515909503,"{""42"": 0.7103825136612022, ""43"": 0.7240437158469945, ""44"": 0.6994535519125683}","[0.6748622742931812, 0.7470263752052546]","[0.672938229544017, 0.75]","[0.6510383894771844, 0.7680981895240653]","{""42"": 183, ""43"": 183, ""44"": 183}",canvas,preference_dominated,
green-yellow,canonical,400,400,regime_accuracy,no_preference,0.7896174863387978,0.00946475851130535,"{""42"": 0.7841530054644809, ""43"": 0.8005464480874317, ""44"": 0.7841530054644809}","[0.7544301900135287, 0.8239726383687057]","[0.7535043859649123, 0.8251449891741416]","[0.7396784913134785, 0.8401972295218202]","{""42"": 183, ""43"": 183, ""44"": 183}",canvas,preference_dominated,
green-yellow,canonical,400,400,regime_accuracy,no_interaction,0.6320582877959927,0.017565848380679292,"{""42"": 0.6448087431693988, ""43"": 0.6393442622950819, ""44"": 0.6120218579234973}","[0.5980392156862746, 0.6657755195888799]","[0.5923888694093813, 0.6707694980171507]","[0.5762033643813304, 0.6889943415637861]","{""42"": 183, ""43"": 183, ""44"": 183}",canvas,preference_dominated,
green-yellow,canonical,400,400,regime_accuracy,Frozen,0.8059701492537313,0.0,"{""42"": 0.8059701492537313, ""43"": 0.8059701492537313, ""44"": 0.8059701492537313}","[0.7419354838709677, 0.8688619167717527]","[0.7419354838709676, 0.8688619167717528]","[0.7140392015392014, 0.888996128897259]","{""42"": 67, ""43"": 67, ""44"": 67}",canvas,both_correct,
green-yellow,canonical,400,400,regime_accuracy,Ranking,0.9054726368159204,0.008617168196860111,"{""42"": 0.9104477611940298, ""43"": 0.9104477611940298, ""44"": 0.8955223880597014}","[0.8524590163934427, 0.9530534771126762]","[0.8504850033233631, 0.9539473684210525]","[0.8222222222222222, 0.9719025573192239]","{""42"": 67, ""43"": 67, ""44"": 67}",canvas,both_correct,
green-yellow,canonical,400,400,regime_accuracy,IS,0.9079601990049749,0.018780682674802863,"{""42"": 0.9253731343283581, ""43"": 0.8880597014925372, ""44"": 0.9104477611940298}","[0.8652942855224283, 0.9482810867293624]","[0.8585795454545454, 0.9519774011299436]","[0.8362406595191683, 0.9655838041431264]","{""42"": 67, ""43"": 67, ""44"": 67}",canvas,both_correct,
green-yellow,canonical,400,400,regime_accuracy,no_cross,0.8930348258706466,0.036812558674001884,"{""42"": 0.9104477611940298, ""43"": 0.8507462686567163, ""44"": 0.917910447761194}","[0.8508739198743126, 0.9322055967514123]","[0.8356149162861491, 0.9444444444444445]","[0.8079012181157704, 0.9628097435527677]","{""42"": 67, ""43"": 67, ""44"": 67}",canvas,both_correct,
green-yellow,canonical,400,400,regime_accuracy,no_response,0.8955223880597014,0.007462686567164201,"{""42"": 0.8955223880597014, ""43"": 0.9029850746268656, ""44"": 0.8880597014925372}","[0.8461538461538461, 0.9417989417989416]","[0.8432799239098623, 0.9435494210090983]","[0.8236964764538294, 0.9611337081128748]","{""42"": 67, ""43"": 67, ""44"": 67}",canvas,both_correct,
green-yellow,canonical,400,400,regime_accuracy,no_preference,0.8681592039800994,0.008617168196860045,"{""42"": 0.8731343283582088, ""43"": 0.8582089552238805, ""44"": 0.8731343283582088}","[0.8168672839506173, 0.9154237868627876]","[0.8151430976430976, 0.9166666666666667]","[0.7930014753267441, 0.9345421314171314]","{""42"": 67, ""43"": 67, ""44"": 67}",canvas,both_correct,
green-yellow,canonical,400,400,regime_accuracy,no_interaction,0.8532338308457711,0.017234336393720157,"{""42"": 0.8432835820895521, ""43"": 0.8432835820895521, ""44"": 0.8731343283582088}","[0.799548733516125, 0.9044125816993462]","[0.7942708333333334, 0.909725068306011]","[0.7672752154670393, 0.9315642889669528]","{""42"": 67, ""43"": 67, ""44"": 67}",canvas,both_correct,
green-yellow,canonical,400,400,regime_accuracy,Frozen,0.41483516483516486,6.798699777552591e-17,"{""42"": 0.4148351648351648, ""43"": 0.4148351648351648, ""44"": 0.4148351648351648}","[0.38055253623188406, 0.4476776130845898]","[0.3805525362318841, 0.44767761308458986]","[0.36312849162011174, 0.46248870096814876]","{""42"": 182, ""43"": 182, ""44"": 182}",swapped_canvas,nonpositive_response,
green-yellow,canonical,400,400,regime_accuracy,Ranking,0.5695970695970696,0.005718862635896011,"{""42"": 0.5714285714285714, ""43"": 0.5631868131868131, ""44"": 0.5741758241758241}","[0.5285445041904256, 0.6087353410263627]","[0.5280541383219954, 0.6093474426807761]","[0.5114887463982508, 0.6260355192646859]","{""42"": 182, ""43"": 182, ""44"": 182}",swapped_canvas,nonpositive_response,
green-yellow,canonical,400,400,regime_accuracy,IS,0.6978021978021977,0.005494505494505475,"{""42"": 0.7032967032967032, ""43"": 0.6978021978021978, ""44"": 0.6923076923076923}","[0.6592022233465442, 0.7364351231787004]","[0.6573556797020484, 0.7367449162679424]","[0.6387316622926666, 0.7531200639978213]","{""42"": 182, ""43"": 182, ""44"": 182}",swapped_canvas,nonpositive_response,
green-yellow,canonical,400,400,regime_accuracy,no_cross,0.6739926739926739,0.022035182079699542,"{""42"": 0.695054945054945, ""43"": 0.6510989010989011, ""44"": 0.6758241758241758}","[0.6351079622132253, 0.7115019118308591]","[0.6279037467700258, 0.7192028985507246]","[0.6110757638457824, 0.7386509051186018]","{""42"": 182, ""43"": 182, ""44"": 182}",swapped_canvas,nonpositive_response,
green-yellow,canonical,400,400,regime_accuracy,no_response,0.5393772893772893,0.004196497889153684,"{""42"": 0.5384615384615384, ""43"": 0.5357142857142857, ""44"": 0.5439560439560439}","[0.5009861932938856, 0.576168647425014]","[0.5008629069353676, 0.5779132928475034]","[0.48501111221956195, 0.5932415512923986]","{""42"": 182, ""43"": 182, ""44"": 182}",swapped_canvas,nonpositive_response,
green-yellow,canonical,400,400,regime_accuracy,no_preference,0.7216117216117216,0.006344508452633227,"{""42"": 0.7142857142857143, ""43"": 0.7252747252747253, ""44"": 0.7252747252747253}","[0.6856281754672472, 0.7576576576576575]","[0.6839701619352259, 0.7587724808251785]","[0.6692303150475919, 0.7766014710611534]","{""42"": 182, ""43"": 182, ""44"": 182}",swapped_canvas,nonpositive_response,
green-yellow,canonical,400,400,regime_accuracy,no_interaction,0.4505494505494505,0.0027472527472527375,"{""42"": 0.44780219780219777, ""43"": 0.45329670329670324, ""44"": 0.4505494505494505}","[0.41666666666666663, 0.482354302832244]","[0.41573007107592785, 0.4836610187553282]","[0.40159953090125855, 0.49801853148666875]","{""42"": 182, ""43"": 182, ""44"": 182}",swapped_canvas,nonpositive_response,
green-yellow,canonical,400,400,regime_accuracy,Frozen,0.5580645161290322,0.0,"{""42"": 0.5580645161290322, ""43"": 0.5580645161290322, ""44"": 0.5580645161290322}","[0.5333333333333334, 0.5833333333333334]","[0.5333333333333333, 0.5833333333333333]","[0.5237376922807386, 0.5954511886165186]","{""42"": 155, ""43"": 155, ""44"": 155}",swapped_canvas,preference_dominated,
green-yellow,canonical,400,400,regime_accuracy,Ranking,0.7666666666666666,0.0018624202231923139,"{""42"": 0.7645161290322581, ""43"": 0.7677419354838709, ""44"": 0.7677419354838709}","[0.7265759522199684, 0.8042518221837338]","[0.7267913098783817, 0.8048258985879332]","[0.7111640473053517, 0.8192038255360627]","{""42"": 155, ""43"": 155, ""44"": 155}",swapped_canvas,preference_dominated,
green-yellow,canonical,400,400,regime_accuracy,IS,0.8483870967741934,0.011630810566012806,"{""42"": 0.8612903225806451, ""43"": 0.8387096774193549, ""44"": 0.8451612903225807}","[0.8160908897403151, 0.8792753067484664]","[0.8131619478909711, 0.8822367502756723]","[0.7970917888055219, 0.8965794900037631]","{""42"": 155, ""43"": 155, ""44"": 155}",swapped_canvas,preference_dominated,
green-yellow,canonical,400,400,regime_accuracy,no_cross,0.8322580645161289,0.017960530202677457,"{""42"": 0.8483870967741934, ""43"": 0.8129032258064516, ""44"": 0.8354838709677419}","[0.7989882697947216, 0.863097075249853]","[0.7943722943722943, 0.8692816335167161]","[0.7780040632549967, 0.884910921837243]","{""42"": 155, ""43"": 155, ""44"": 155}",swapped_canvas,preference_dominated,
green-yellow,canonical,400,400,regime_accuracy,no_response,0.7462365591397849,0.02377778966397416,"{""42"": 0.7645161290322581, ""43"": 0.7548387096774193, ""44"": 0.7193548387096774}","[0.7083270202020199, 0.7817247444577193]","[0.7010018552875695, 0.7886725582251679]","[0.6837349397590362, 0.8067900068120528]","{""42"": 155, ""43"": 155, ""44"": 155}",swapped_canvas,preference_dominated,
green-yellow,canonical,400,400,regime_accuracy,no_preference,0.8236559139784946,0.0049275007472643325,"{""42"": 0.8290322580645161, ""43"": 0.8193548387096774, ""44"": 0.8225806451612903}","[0.7870356673241288, 0.8589765100671141]","[0.786974320283902, 0.859289127225002]","[0.77, 0.8752628247033805]","{""42"": 155, ""43"": 155, ""44"": 155}",swapped_canvas,preference_dominated,
green-yellow,canonical,400,400,regime_accuracy,no_interaction,0.6903225806451613,0.014060964334002222,"{""42"": 0.6967741935483871, ""43"": 0.6741935483870967, ""44"": 0.7}","[0.6516081497508524, 0.7266280677170126]","[0.6492842535787321, 0.7293174910196186]","[0.6323975562320312, 0.7489887372327848]","{""42"": 155, ""43"": 155, ""44"": 155}",swapped_canvas,preference_dominated,
green-yellow,canonical,400,400,regime_accuracy,Frozen,0.8333333333333334,0.0,"{""42"": 0.8333333333333334, ""43"": 0.8333333333333334, ""44"": 0.8333333333333334}","[0.775, 0.8928717798594847]","[0.775, 0.8928717798594846]","[0.7460169283256715, 0.9127377118319148]","{""42"": 63, ""43"": 63, ""44"": 63}",swapped_canvas,both_correct,
green-yellow,canonical,400,400,regime_accuracy,Ranking,0.9365079365079364,0.007936507936507964,"{""42"": 0.9285714285714285, ""43"": 0.9444444444444444, ""44"": 0.9365079365079364}","[0.8961277173913044, 0.971264367816092]","[0.8950596144089293, 0.9722222222222221]","[0.8755200182576943, 0.9836658282013474]","{""42"": 63, ""43"": 63, ""44"": 63}",swapped_canvas,both_correct,
green-yellow,canonical,400,400,regime_accuracy,IS,0.9365079365079364,0.007936507936507964,"{""42"": 0.9285714285714285, ""43"": 0.9444444444444444, ""44"": 0.9365079365079364}","[0.8955223880597014, 0.9708994708994709]","[0.8941390253890253, 0.9734328272371751]","[0.8709360709430233, 0.9853183906412807]","{""42"": 63, ""43"": 63, ""44"": 63}",swapped_canvas,both_correct,
green-yellow,canonical,400,400,regime_accuracy,no_cross,0.9312169312169312,0.012123216124221816,"{""42"": 0.9285714285714285, ""43"": 0.9206349206349206, ""44"": 0.9444444444444444}","[0.888888888888889, 0.9666666666666667]","[0.886107456140351, 0.9693877551020407]","[0.8636363636363636, 0.9837019834041695]","{""42"": 63, ""43"": 63, ""44"": 63}",swapped_canvas,both_correct,
green-yellow,canonical,400,400,regime_accuracy,no_response,0.9365079365079364,0.015873015873015872,"{""42"": 0.9523809523809523, ""43"": 0.9365079365079364, ""44"": 0.9206349206349206}","[0.8964629402129402, 0.9704301075268817]","[0.8918899162320214, 0.973548454469507]","[0.8671672944130573, 0.9876646594851932]","{""42"": 63, ""43"": 63, ""44"": 63}",swapped_canvas,both_correct,
green-yellow,canonical,400,400,regime_accuracy,no_preference,0.8571428571428572,0.007936507936507908,"{""42"": 0.8650793650793651, ""43"": 0.8492063492063493, ""44"": 0.8571428571428572}","[0.7986085199004972, 0.9076923076923076]","[0.7983870967741935, 0.9086802582762556]","[0.7714690531154444, 0.9252873563218392]","{""42"": 63, ""43"": 63, ""44"": 63}",swapped_canvas,both_correct,
green-yellow,canonical,400,400,regime_accuracy,no_interaction,0.8915343915343915,0.02424643224844356,"{""42"": 0.9126984126984127, ""43"": 0.8650793650793651, ""44"": 0.8968253968253967}","[0.8456767429193901, 0.9342138490164803]","[0.8362045019157088, 0.9411764705882353]","[0.8101715686274511, 0.9584387860082305]","{""42"": 63, ""43"": 63, ""44"": 63}",swapped_canvas,both_correct,
green-yellow,canonical,400,400,diagnosis_guided,no_response,0.09828779599271398,0.022090452589151998,"{""42"": 0.0737158469945356, ""43"": 0.11650273224043695, ""44"": 0.10464480874316939}","[0.04501960604303857, 0.15481828834410355]","[0.04010621208662905, 0.16053487155168808]","[0.01627160700830494, 0.18196073296143178]",,canvas,,nonpositive_response minus preference_dominated
green-yellow,canonical,400,400,diagnosis_guided,no_preference,0.08005464480874318,0.02528992211632453,"{""42"": 0.10918032786885234, ""43"": 0.06366120218579241, ""44"": 0.06732240437158477}","[0.040030180465968755, 0.12158859267906058]","[0.028945822345085605, 0.1289709887017707]","[0.007046111776303234, 0.15147203757185462]",,canvas,,preference_dominated minus nonpositive_response
green-yellow,canonical,400,400,diagnosis_guided,no_response,0.056274370790499795,0.02964842042765455,"{""42"": 0.0680609712867778, ""43"": 0.07821694434597648, ""44"": 0.02254519673874511}","[0.007554891863069439, 0.10416116645692554]","[-0.0038394403404342233, 0.1141431830082583]","[-0.030146884411576987, 0.13614736824440696]",,swapped_canvas,,nonpositive_response minus preference_dominated
green-yellow,canonical,400,400,diagnosis_guided,no_preference,0.048540706605222805,0.006326757287681139,"{""42"": 0.043247075505140065, ""43"": 0.046827366182204955, ""44"": 0.0555476781283234}","[0.006313322523070979, 0.09033147720641768]","[0.002765777392571617, 0.09464382623654242]","[-0.019138925769660264, 0.1153462607156844]",,swapped_canvas,,preference_dominated minus nonpositive_response
green-yellow,reversed,400,400,repair,Frozen,0.0,0.0,"{""42"": 0.0, ""43"": 0.0, ""44"": 0.0}","[0.0, 0.0]","[0.0, 0.0]","[0.0, 0.0]","{""42"": 823, ""43"": 823, ""44"": 823}",,,
green-yellow,reversed,400,400,break,Frozen,0.0,0.0,"{""42"": 0.0, ""43"": 0.0, ""44"": 0.0}","[0.0, 0.0]","[0.0, 0.0]","[0.0, 0.0]","{""42"": 777, ""43"": 777, ""44"": 777}",,,
green-yellow,reversed,400,400,word_correct_assignment_error,Frozen,0.5117609663064209,0.0,"{""42"": 0.5117609663064209, ""43"": 0.5117609663064209, ""44"": 0.5117609663064209}","[0.4891854062332864, 0.5340125255798539]","[0.4891854062332864, 0.5340125255798537]","[0.48027703719910897, 0.5422881806247005]","{""42"": 1573, ""43"": 1573, ""44"": 1573}",,,
green-yellow,reversed,400,400,repair,Ranking,0.43094370190360465,0.006692066278597922,"{""42"": 0.4240583232077764, ""43"": 0.43742405832320774, ""44"": 0.43134872417982983}","[0.39234785085651425, 0.4692457214510133]","[0.3911968010435068, 0.4698253893345918]","[0.3775100401606425, 0.4864939001180009]","{""42"": 823, ""43"": 823, ""44"": 823}",,,
green-yellow,reversed,400,400,break,Ranking,0.1003861003861004,0.0012870012870012937,"{""42"": 0.1003861003861004, ""43"": 0.10167310167310169, ""44"": 0.0990990990990991}","[0.07815785542137028, 0.12435249767503653]","[0.0776072119809431, 0.1246686907189079]","[0.06880211032151405, 0.13514621309207314]","{""42"": 777, ""43"": 777, ""44"": 777}",,,
green-yellow,reversed,400,400,word_correct_assignment_error,Ranking,0.3371477007840644,0.003262302250125186,"{""42"": 0.34075015893197713, ""43"": 0.3343928798474253, ""44"": 0.33630006357279085}","[0.3131625165806977, 0.36031485550721243]","[0.3124996676239098, 0.3611659781927347]","[0.3024015367699976, 0.3698441424635913]","{""42"": 1573, ""43"": 1573, ""44"": 1573}",,,
green-yellow,reversed,400,400,repair,IS,0.7237748076144189,0.013328864051765395,"{""42"": 0.7193195625759417, ""43"": 0.7387606318347509, ""44"": 0.7132442284325637}","[0.6859599978388947, 0.7591717561495522]","[0.683391989068467, 0.7614217345144488]","[0.6674895963537483, 0.7768355934550902]","{""42"": 823, ""43"": 823, ""44"": 823}",,,
green-yellow,reversed,400,400,break,IS,0.12955812955812956,0.020685651567981446,"{""42"": 0.11454311454311455, ""43"": 0.15315315315315314, ""44"": 0.12097812097812098}","[0.10336123942104863, 0.15744778082436076]","[0.09796210770447629, 0.16469285552922705]","[0.08808630730545489, 0.1796515257177123]","{""42"": 777, ""43"": 777, ""44"": 777}",,,
green-yellow,reversed,400,400,word_correct_assignment_error,IS,0.20152574698029244,0.0052036571976302945,"{""42"": 0.1958041958041958, ""43"": 0.20597584233947872, ""44"": 0.20279720279720279}","[0.17906208550147945, 0.22477810723088557]","[0.17869143519078776, 0.22540896537072447]","[0.17005741593688897, 0.2357449654978172]","{""42"": 1573, ""43"": 1573, ""44"": 1573}",,,
green-yellow,reversed,400,400,repair,no_cross,0.7087889833940867,0.02188245064275427,"{""42"": 0.6865127582017011, ""43"": 0.7302551640340218, ""44"": 0.709599027946537}","[0.6716778004490781, 0.7439908772068097]","[0.6662677356756304, 0.7498971250068229]","[0.6478695700567886, 0.767860766160155]","{""42"": 823, ""43"": 823, ""44"": 823}",,,
green-yellow,reversed,400,400,break,no_cross,0.13942513942513943,0.017568078274940595,"{""42"": 0.1312741312741313, ""43"": 0.15958815958815958, ""44"": 0.1274131274131274}","[0.11227576356397007, 0.1673203473242122]","[0.10848395563457792, 0.17321159871377334]","[0.09686717239614337, 0.18760171934041667]","{""42"": 777, ""43"": 777, ""44"": 777}",,,
green-yellow,reversed,400,400,word_correct_assignment_error,no_cross,0.21339266793812248,0.007145461029916249,"{""42"": 0.22123331214240305, ""43"": 0.21169739351557534, ""44"": 0.20724729815638904}","[0.19129346834960273, 0.23613030193017484]","[0.18953760559171134, 0.23797869863810958]","[0.17905429809504697, 0.24957094209382216]","{""42"": 1573, ""43"": 1573, ""44"": 1573}",,,
green-yellow,reversed,400,400,repair,no_response,0.360064803564196,0.011987564671485386,"{""42"": 0.3657351154313487, ""43"": 0.36816524908869985, ""44"": 0.3462940461725395}","[0.321769834598782, 0.3983675480750864]","[0.3202594231280675, 0.4012832161000391]","[0.3027849780197198, 0.4187711025786438]","{""42"": 823, ""43"": 823, ""44"": 823}",,,
green-yellow,reversed,400,400,break,no_response,0.059631059631059635,0.011677955889160194,"{""42"": 0.05791505791505792, ""43"": 0.07207207207207209, ""44"": 0.04890604890604891}","[0.04366584831078994, 0.07732187712596154]","[0.04066981544218865, 0.08137243017459124]","[0.03417739281201328, 0.09174982648397736]","{""42"": 777, ""43"": 777, ""44"": 777}",,,
green-yellow,reversed,400,400,word_correct_assignment_error,no_response,0.3541004450095359,0.0033033391117016082,"{""42"": 0.3502860775588048, ""43"": 0.35600762873490144, ""44"": 0.35600762873490144}","[0.3293321741272461, 0.3794069893084623]","[0.32847786270101376, 0.37974220869345776]","[0.3152537889303152, 0.3905186800472567]","{""42"": 1573, ""43"": 1573, ""44"": 1573}",,,
green-yellow,reversed,400,400,repair,no_preference,0.7257999189955447,0.011987564671485403,"{""42"": 0.7339003645200486, ""43"": 0.7314702308626974, ""44"": 0.7120291616038882}","[0.6878493971566397, 0.7626448406423502]","[0.6857586089328332, 0.7631697930198571]","[0.6691507701081744, 0.7802645097762944]","{""42"": 823, ""43"": 823, ""44"": 823}",,,
green-yellow,reversed,400,400,break,no_preference,0.13427713427713428,0.005803410235293303,"{""42"": 0.1402831402831403, ""43"": 0.13384813384813385, ""44"": 0.1287001287001287}","[0.10711115160859219, 0.16310293501048218]","[0.10617508237599074, 0.16394449889732904]","[0.09613639798534133, 0.17753295275225098]","{""42"": 777, ""43"": 777, ""44"": 777}",,,
green-yellow,reversed,400,400,word_correct_assignment_error,no_preference,0.20534011443102354,0.003814367450731091,"{""42"": 0.2053401144310235, ""43"": 0.20152574698029244, ""44"": 0.20915448188175462}","[0.18389290608955344, 0.22762213208737495]","[0.18322559561458993, 0.22846446256749295]","[0.17342239478789168, 0.23695154324962245]","{""42"": 1573, ""43"": 1573, ""44"": 1573}",,,
green-yellow,reversed,400,400,repair,no_interaction,0.20089104900769542,0.01975495892791769,"{""42"": 0.18347509113001215, ""43"": 0.1968408262454435, ""44"": 0.2223572296476306}","[0.1720666396926058, 0.23184908164729515]","[0.1664558332988331, 0.23773913867292554]","[0.15282695675236102, 0.25109165024972147]","{""42"": 823, ""43"": 823, ""44"": 823}",,,
green-yellow,reversed,400,400,break,no_interaction,0.10510510510510511,0.0200348252747072,"{""42"": 0.08622908622908623, ""43"": 0.10296010296010297, ""44"": 0.12612612612612614}","[0.08354328165374678, 0.12743824496456452]","[0.07822431144067796, 0.13642217903807308]","[0.06854815626616166, 0.14987505432420686]","{""42"": 777, ""43"": 777, ""44"": 777}",,,
green-yellow,reversed,400,400,word_correct_assignment_error,no_interaction,0.4594193685102776,0.0007340753581559059,"{""42"": 0.4589955499046408, ""43"": 0.46026700572155116, ""44"": 0.4589955499046408}","[0.4332472646138101, 0.4844048376830044]","[0.43294946616870295, 0.4853288181264446]","[0.42196201304360054, 0.4969557330780469]","{""42"": 1573, ""43"": 1573, ""44"": 1573}",,,
green-yellow,reversed,400,400,regime_accuracy,Frozen,0.430672268907563,0.0,"{""42"": 0.430672268907563, ""43"": 0.430672268907563, ""44"": 0.430672268907563}","[0.401745791811294, 0.4588744588744589]","[0.40174579181129394, 0.4588744588744589]","[0.3886216271488204, 0.4693705431538971]","{""42"": 238, ""43"": 238, ""44"": 238}",canvas,nonpositive_response,
green-yellow,reversed,400,400,regime_accuracy,Ranking,0.6050420168067228,0.010504201680672287,"{""42"": 0.615546218487395, ""43"": 0.5945378151260504, ""44"": 0.6050420168067226}","[0.5714261904761905, 0.6372549019607844]","[0.570210919030733, 0.639243387228309]","[0.5561817269816689, 0.6550474002318266]","{""42"": 238, ""43"": 238, ""44"": 238}",canvas,nonpositive_response,
green-yellow,reversed,400,400,regime_accuracy,IS,0.7605042016806722,0.005558301073665108,"{""42"": 0.7668067226890757, ""43"": 0.7584033613445378, ""44"": 0.7563025210084034}","[0.7267518591552926, 0.7929515418502202]","[0.7258291439743051, 0.794445067264574]","[0.7111343187960768, 0.8096614331723027]","{""42"": 238, ""43"": 238, ""44"": 238}",canvas,nonpositive_response,
green-yellow,reversed,400,400,regime_accuracy,no_cross,0.7528011204481793,0.012663264229709478,"{""42"": 0.7542016806722689, ""43"": 0.7647058823529412, ""44"": 0.7394957983193278}","[0.717998717948718, 0.7867540029112081]","[0.7142857142857142, 0.789400278940028]","[0.6979116184003151, 0.8043983494013923]","{""42"": 238, ""43"": 238, ""44"": 238}",canvas,nonpositive_response,
green-yellow,reversed,400,400,regime_accuracy,no_response,0.5791316526610645,0.011570526359844709,"{""42"": 0.5903361344537815, ""43"": 0.5672268907563026, ""44"": 0.5798319327731092}","[0.5443481475804437, 0.6142684664347567]","[0.5414905397407258, 0.6158747412008282]","[0.5275280974256962, 0.6334609399315283]","{""42"": 238, ""43"": 238, ""44"": 238}",canvas,nonpositive_response,
green-yellow,reversed,400,400,regime_accuracy,no_preference,0.780812324929972,0.007953653145378482,"{""42"": 0.7752100840336135, ""43"": 0.7899159663865546, ""44"": 0.777310924369748}","[0.7493331989247312, 0.8114452772634477]","[0.7489175126183859, 0.8132786761170373]","[0.7342438088958285, 0.8274305798406895]","{""42"": 238, ""43"": 238, ""44"": 238}",canvas,nonpositive_response,
green-yellow,reversed,400,400,regime_accuracy,no_interaction,0.44607843137254904,0.002425841467183325,"{""42"": 0.4474789915966387, ""43"": 0.4474789915966387, ""44"": 0.4432773109243697}","[0.4150427046837916, 0.4770596835225318]","[0.41413840788840783, 0.4780530142803272]","[0.40079342480131946, 0.4896265560165974]","{""42"": 238, ""43"": 238, ""44"": 238}",canvas,nonpositive_response,
green-yellow,reversed,400,400,regime_accuracy,Frozen,0.5708333333333334,0.0,"{""42"": 0.5708333333333334, ""43"": 0.5708333333333334, ""44"": 0.5708333333333334}","[0.538792268110131, 0.6071428571428571]","[0.5387922681101311, 0.6071428571428571]","[0.5280331256490134, 0.6212121212121211]","{""42"": 120, ""43"": 120, ""44"": 120}",canvas,preference_dominated,
green-yellow,reversed,400,400,regime_accuracy,Ranking,0.7722222222222223,0.004811252243246865,"{""42"": 0.7666666666666667, ""43"": 0.775, ""44"": 0.775}","[0.7240863532913167, 0.8177974313493628]","[0.7231177504021675, 0.8190891472868216]","[0.7011315888159546, 0.8358992408125808]","{""42"": 120, ""43"": 120, ""44"": 120}",canvas,preference_dominated,
green-yellow,reversed,400,400,regime_accuracy,IS,0.8694444444444445,0.0024056261216234324,"{""42"": 0.8666666666666667, ""43"": 0.8708333333333333, ""44"": 0.8708333333333333}","[0.8285702838827839, 0.9081920903954802]","[0.8277766106442577, 0.909314800481596]","[0.8101969719890073, 0.9230293301291373]","{""42"": 120, ""43"": 120, ""44"": 120}",canvas,preference_dominated,
green-yellow,reversed,400,400,regime_accuracy,no_cross,0.8597222222222222,0.023692669596155506,"{""42"": 0.8333333333333334, ""43"": 0.8666666666666667, ""44"": 0.8791666666666667}","[0.8196963487332339, 0.8967551622418881]","[0.8132123585153989, 0.9033650302226153]","[0.7947518338143338, 0.9188495016755888]","{""42"": 120, ""43"": 120, ""44"": 120}",canvas,preference_dominated,
green-yellow,reversed,400,400,regime_accuracy,no_response,0.7708333333333335,0.00833333333333336,"{""42"": 0.7625000000000001, ""43"": 0.7791666666666668, ""44"": 0.7708333333333334}","[0.7252232495653549, 0.8146591634738186]","[0.7248619737750173, 0.8163279718667128]","[0.7046207659580289, 0.8333333333333333]","{""42"": 120, ""43"": 120, ""44"": 120}",canvas,preference_dominated,
green-yellow,reversed,400,400,regime_accuracy,no_preference,0.8472222222222222,0.006364688465216423,"{""42"": 0.8416666666666667, ""43"": 0.8541666666666666, ""44"": 0.8458333333333333}","[0.8066154760190118, 0.8870068170145212]","[0.8055555555555555, 0.8880005208333335]","[0.7888613794954373, 0.9047619047619045]","{""42"": 120, ""43"": 120, ""44"": 120}",canvas,preference_dominated,
green-yellow,reversed,400,400,regime_accuracy,no_interaction,0.7152777777777778,0.004811252243246865,"{""42"": 0.7125, ""43"": 0.7208333333333333, ""44"": 0.7125}","[0.6722210743801653, 0.7574556541019954]","[0.6696689993564994, 0.7581500626566414]","[0.6489804695405788, 0.7772903679256815]","{""42"": 120, ""43"": 120, ""44"": 120}",canvas,preference_dominated,
green-yellow,reversed,400,400,regime_accuracy,Frozen,0.8214285714285715,1.3597399555105182e-16,"{""42"": 0.8214285714285714, ""43"": 0.8214285714285714, ""44"": 0.8214285714285714}","[0.7386228354978355, 0.9000000000000001]","[0.7386228354978355, 0.9]","[0.6973684210526317, 0.9302693439563597]","{""42"": 42, ""43"": 42, ""44"": 42}",canvas,both_correct,
green-yellow,reversed,400,400,regime_accuracy,Ranking,0.873015873015873,0.006873217490352664,"{""42"": 0.8690476190476191, ""43"": 0.8690476190476191, ""44"": 0.8809523809523809}","[0.8071895424836601, 0.9333333333333336]","[0.8066550387596899, 0.9358974358974358]","[0.7815816899150234, 0.9584615865865868]","{""42"": 42, ""43"": 42, ""44"": 42}",canvas,both_correct,
green-yellow,reversed,400,400,regime_accuracy,IS,0.8968253968253969,0.02478173808888255,"{""42"": 0.9166666666666667, ""43"": 0.8690476190476191, ""44"": 0.9047619047619048}","[0.8372093023255816, 0.9515175953079178]","[0.8295454545454545, 0.9572674418604649]","[0.8033393414345794, 0.9782608695652174]","{""42"": 42, ""43"": 42, ""44"": 42}",canvas,both_correct,
green-yellow,reversed,400,400,regime_accuracy,no_cross,0.8650793650793651,0.02478173808888257,"{""42"": 0.8571428571428571, ""43"": 0.8452380952380952, ""44"": 0.8928571428571429}","[0.8024655469422911, 0.9233355855855856]","[0.7967479674796748, 0.9291666666666666]","[0.7648741690408357, 0.9545454545454545]","{""42"": 42, ""43"": 42, ""44"": 42}",canvas,both_correct,
green-yellow,reversed,400,400,regime_accuracy,no_response,0.9126984126984127,0.006873217490352728,"{""42"": 0.9166666666666667, ""43"": 0.9047619047619048, ""44"": 0.9166666666666667}","[0.8596491228070174, 0.9618055555555556]","[0.8546985815602837, 0.962962962962963]","[0.8276864354977632, 0.9796012849584277]","{""42"": 42, ""43"": 42, ""44"": 42}",canvas,both_correct,
green-yellow,reversed,400,400,regime_accuracy,no_preference,0.8253968253968255,0.018184824186332646,"{""42"": 0.8452380952380952, ""43"": 0.8095238095238096, ""44"": 0.8214285714285714}","[0.7523809523809526, 0.8949275362318839]","[0.75, 0.8971699399890889]","[0.7166262805358549, 0.9280919312169312]","{""42"": 42, ""43"": 42, ""44"": 42}",canvas,both_correct,
green-yellow,reversed,400,400,regime_accuracy,no_interaction,0.8531746031746031,0.018184824186332743,"{""42"": 0.8690476190476191, ""43"": 0.8571428571428571, ""44"": 0.8333333333333333}","[0.7864583333333333, 0.9166666666666665]","[0.7809461152882206, 0.9195551963601533]","[0.7497792850990526, 0.9421233034276514]","{""42"": 42, ""43"": 42, ""44"": 42}",canvas,both_correct,
green-yellow,reversed,400,400,regime_accuracy,Frozen,0.3378378378378379,6.798699777552591e-17,"{""42"": 0.33783783783783783, ""43"": 0.33783783783783783, ""44"": 0.33783783783783783}","[0.30303030303030304, 0.3734586056644879]","[0.30303030303030304, 0.3734586056644879]","[0.2887349170437406, 0.3865153966120817]","{""42"": 185, ""43"": 185, ""44"": 185}",swapped_canvas,nonpositive_response,
green-yellow,reversed,400,400,regime_accuracy,Ranking,0.5315315315315314,0.010232267289730182,"{""42"": 0.527027027027027, ""43"": 0.5432432432432431, ""44"": 0.5243243243243243}","[0.49441182968784525, 0.5675688545688545]","[0.4933323754789272, 0.5699852318127384]","[0.4798719834775824, 0.5868311693112092]","{""42"": 185, ""43"": 185, ""44"": 185}",swapped_canvas,nonpositive_response,
green-yellow,reversed,400,400,regime_accuracy,IS,0.7216216216216216,0.011780807955515367,"{""42"": 0.7351351351351352, ""43"": 0.7135135135135136, ""44"": 0.7162162162162161}","[0.6805536372007366, 0.7617702448210922]","[0.6777688172043013, 0.7640463843272832]","[0.6591064832432912, 0.7786863530333681]","{""42"": 185, ""43"": 185, ""44"": 185}",swapped_canvas,nonpositive_response,
green-yellow,reversed,400,400,regime_accuracy,no_cross,0.7081081081081081,0.004681218398834756,"{""42"": 0.7108108108108108, ""43"": 0.7027027027027027, ""44"": 0.7108108108108108}","[0.6676297825488577, 0.747594183459479]","[0.665733895337816, 0.7495746073298428]","[0.6485412386399394, 0.7657558054085832]","{""42"": 185, ""43"": 185, ""44"": 185}",swapped_canvas,nonpositive_response,
green-yellow,reversed,400,400,regime_accuracy,no_response,0.4783783783783783,0.011780807955515327,"{""42"": 0.49189189189189186, ""43"": 0.47297297297297297, ""44"": 0.47027027027027024}","[0.4416656091370558, 0.514983514622679]","[0.4381431026018655, 0.5168559354283082]","[0.42327056623931625, 0.5309448875242665]","{""42"": 185, ""43"": 185, ""44"": 185}",swapped_canvas,nonpositive_response,
green-yellow,reversed,400,400,regime_accuracy,no_preference,0.7513513513513512,0.008108108108108136,"{""42"": 0.7594594594594595, ""43"": 0.7513513513513512, ""44"": 0.7432432432432432}","[0.714019981233096, 0.7860966280451573]","[0.7123786911412611, 0.7876362858172643]","[0.6971032405210146, 0.802670550165267]","{""42"": 185, ""43"": 185, ""44"": 185}",swapped_canvas,nonpositive_response,
green-yellow,reversed,400,400,regime_accuracy,no_interaction,0.34864864864864864,0.007150679219093509,"{""42"": 0.3459459459459459, ""43"": 0.34324324324324323, ""44"": 0.3567567567567568}","[0.31527011494252877, 0.38372314507198224]","[0.31215469613259667, 0.38632094062007355]","[0.2960918676581155, 0.3987400298287695]","{""42"": 185, ""43"": 185, ""44"": 185}",swapped_canvas,nonpositive_response,
green-yellow,reversed,400,400,regime_accuracy,Frozen,0.5062893081761006,0.0,"{""42"": 0.5062893081761006, ""43"": 0.5062893081761006, ""44"": 0.5062893081761006}","[0.47826086956521746, 0.5359281437125749]","[0.47826086956521746, 0.5359281437125749]","[0.46664118816803385, 0.548076923076923]","{""42"": 159, ""43"": 159, ""44"": 159}",swapped_canvas,preference_dominated,
green-yellow,reversed,400,400,regime_accuracy,Ranking,0.6865828092243186,0.014524535073952845,"{""42"": 0.6698113207547169, ""43"": 0.6949685534591195, ""44"": 0.6949685534591195}","[0.6495428897586432, 0.7251091744512799]","[0.6456953642384106, 0.7270114942528736]","[0.628322446551469, 0.7447015754307421]","{""42"": 159, ""43"": 159, ""44"": 159}",swapped_canvas,preference_dominated,
green-yellow,reversed,400,400,regime_accuracy,IS,0.8280922431865828,0.0036311337684882114,"{""42"": 0.8238993710691824, ""43"": 0.8301886792452831, ""44"": 0.8301886792452831}","[0.7903537201043939, 0.8631707027540361]","[0.7895285087719298, 0.8644447791164659]","[0.7762640152559508, 0.8805193187709925]","{""42"": 159, ""43"": 159, ""44"": 159}",swapped_canvas,preference_dominated,
green-yellow,reversed,400,400,regime_accuracy,no_cross,0.8155136268343816,0.01582774514731819,"{""42"": 0.7987421383647798, ""43"": 0.8176100628930818, ""44"": 0.8301886792452831}","[0.7799077181208054, 0.8500932476061397]","[0.7753164556962026, 0.8537735215053762]","[0.7593278559624714, 0.8687952507301824]","{""42"": 159, ""43"": 159, ""44"": 159}",swapped_canvas,preference_dominated,
green-yellow,reversed,400,400,regime_accuracy,no_response,0.6855345911949685,0.01441061539294289,"{""42"": 0.6729559748427673, ""43"": 0.7012578616352201, ""44"": 0.6823899371069182}","[0.6462761434360978, 0.724677862088258]","[0.6442307692307692, 0.7270833333333333]","[0.6281053688662385, 0.7484063854141118]","{""42"": 159, ""43"": 159, ""44"": 159}",swapped_canvas,preference_dominated,
green-yellow,reversed,400,400,regime_accuracy,no_preference,0.7987421383647799,0.0031446540880503138,"{""42"": 0.8018867924528301, ""43"": 0.7987421383647798, ""44"": 0.7955974842767295}","[0.7599580712788259, 0.8365596634548247]","[0.7591461775504852, 0.837451164244413]","[0.7418571999364683, 0.8524610986825754]","{""42"": 159, ""43"": 159, ""44"": 159}",swapped_canvas,preference_dominated,
green-yellow,reversed,400,400,regime_accuracy,no_interaction,0.5953878406708596,0.0065461194951765165,"{""42"": 0.5880503144654088, ""43"": 0.5974842767295597, ""44"": 0.60062893081761}","[0.559748427672956, 0.6323253367003367]","[0.5580645161290323, 0.6339295132610006]","[0.5428907289587491, 0.6506578211665776]","{""42"": 159, ""43"": 159, ""44"": 159}",swapped_canvas,preference_dominated,
green-yellow,reversed,400,400,regime_accuracy,Frozen,0.7142857142857143,0.0,"{""42"": 0.7142857142857143, ""43"": 0.7142857142857143, ""44"": 0.7142857142857143}","[0.63, 0.7954545454545454]","[0.63, 0.7954545454545454]","[0.5920553118908383, 0.82805979880775]","{""42"": 56, ""43"": 56, ""44"": 56}",swapped_canvas,both_correct,
green-yellow,reversed,400,400,regime_accuracy,Ranking,0.8214285714285715,0.01785714285714285,"{""42"": 0.8035714285714285, ""43"": 0.8392857142857142, ""44"": 0.8214285714285714}","[0.7558122828120823, 0.8839285714285713]","[0.751771240411058, 0.8856254538852577]","[0.7257222931744005, 0.9104054014768301]","{""42"": 56, ""43"": 56, ""44"": 56}",swapped_canvas,both_correct,
green-yellow,reversed,400,400,regime_accuracy,IS,0.8541666666666665,0.0051549131177644975,"{""42"": 0.857142857142857, ""43"": 0.8482142857142856, ""44"": 0.857142857142857}","[0.7945704134366923, 0.9099121621621623]","[0.7937853107344633, 0.9107177464008859]","[0.7594906052129413, 0.9327048857368007]","{""42"": 56, ""43"": 56, ""44"": 56}",swapped_canvas,both_correct,
green-yellow,reversed,400,400,regime_accuracy,no_cross,0.8333333333333334,0.028701341550574234,"{""42"": 0.8214285714285714, ""43"": 0.8125, ""44"": 0.8660714285714285}","[0.7769209039548023, 0.8867924528301887]","[0.7678508551307847, 0.8953488372093024]","[0.738725025665324, 0.9143590856481486]","{""42"": 56, ""43"": 56, ""44"": 56}",swapped_canvas,both_correct,
green-yellow,reversed,400,400,regime_accuracy,no_response,0.8452380952380952,0.013638618139749476,"{""42"": 0.857142857142857, ""43"": 0.8303571428571428, ""44"": 0.8482142857142856}","[0.7814756944444443, 0.9062499999999999]","[0.7796587388372517, 0.9066694915254238]","[0.7521718409586056, 0.9291881001371745]","{""42"": 56, ""43"": 56, ""44"": 56}",swapped_canvas,both_correct,
green-yellow,reversed,400,400,regime_accuracy,no_preference,0.8363095238095237,0.0051549131177644975,"{""42"": 0.8392857142857142, ""43"": 0.8392857142857142, ""44"": 0.8303571428571428}","[0.7765856129685917, 0.8942361111111111]","[0.7752462121212121, 0.8966706349206348]","[0.7484206505802878, 0.9168222525804496]","{""42"": 56, ""43"": 56, ""44"": 56}",swapped_canvas,both_correct,
green-yellow,reversed,400,400,regime_accuracy,no_interaction,0.7738095238095237,0.022469745343067737,"{""42"": 0.7946428571428571, ""43"": 0.7499999999999999, ""44"": 0.7767857142857142}","[0.7115384615384615, 0.8363636363636363]","[0.7066666666666667, 0.8405797101449276]","[0.6714548092868989, 0.8700785440613028]","{""42"": 56, ""43"": 56, ""44"": 56}",swapped_canvas,both_correct,
green-yellow,reversed,400,400,diagnosis_guided,no_response,0.08276143790849681,0.014653364830599213,"{""42"": 0.07230392156862753, ""43"": 0.09950980392156861, ""44"": 0.07647058823529429}","[0.029131925072676614, 0.13486515836688154]","[0.026185777528370008, 0.14009321641779318]","[0.001764612050991455, 0.1605705611120917]",,canvas,,nonpositive_response minus preference_dominated
green-yellow,reversed,400,400,diagnosis_guided,no_preference,0.04253034547152198,0.007978379959994085,"{""42"": 0.03340336134453781, ""43"": 0.048179271708683524, ""44"": 0.046008403361344596}","[0.0066781347154424835, 0.07757692943705347]","[0.0043771085385222765, 0.08035058442343179]","[-0.011845950474912045, 0.09666185478441515]",,canvas,,preference_dominated minus nonpositive_response
green-yellow,reversed,400,400,diagnosis_guided,no_response,0.1006855912516289,0.009902039439540189,"{""42"": 0.09229984701682814, ""43"": 0.11160972293047755, ""44"": 0.09814720380758102}","[0.043215015996223134, 0.1590015874582976]","[0.041799582208628526, 0.16029686114141198]","[0.01726272175624396, 0.18690739063827125]",,swapped_canvas,,nonpositive_response minus preference_dominated
green-yellow,reversed,400,400,diagnosis_guided,no_preference,0.05907983455153273,0.011682432077855097,"{""42"": 0.046336902940676605, ""43"": 0.06928437871834092, ""44"": 0.061618221995580646}","[0.023280423523551096, 0.09435044841524806]","[0.020358969815110088, 0.10004373665507427]","[0.00629437581549822, 0.11739540857262817]",,swapped_canvas,,preference_dominated minus nonpositive_response
