family,test,n_items,n_source_clusters,n_seeds,draws,comparison,metric,mean,sample_sd,per_seed,ci95_items,ci95_seed_items,ci_familywise95_seed_items
primary,trained_colors_both_orders,400,400,3,5000,Frozen,exchange_accuracy,0.5228125,0.0,"{""42"": 0.5228125, ""43"": 0.5228125, ""44"": 0.5228125}","[0.5134375, 0.53266015625]","[0.5134375, 0.53266015625]","[0.5093572048611111, 0.53703125]"
primary,trained_colors_both_orders,400,400,3,5000,Ranking,exchange_accuracy,0.6659895833333334,0.0005487319662943622,"{""42"": 0.66546875, ""43"": 0.6665625, ""44"": 0.6659375}","[0.6525520833333333, 0.6790638020833333]","[0.6524986979166666, 0.67916796875]","[0.6458735532407407, 0.6854166666666666]"
primary,trained_colors_both_orders,400,400,3,5000,IS,exchange_accuracy,0.7690104166666667,0.004176096101125263,"{""42"": 0.771875, ""43"": 0.76421875, ""44"": 0.7709375}","[0.7527083333333332, 0.78421875]","[0.7521341145833332, 0.7849479166666665]","[0.7453527199074074, 0.79203125]"
primary,trained_colors_both_orders,400,400,3,5000,IS - Ranking,exchange_accuracy,0.10302083333333334,0.004698771171363132,"{""42"": 0.10640624999999992, ""43"": 0.09765625, ""44"": 0.1050000000000001}","[0.09302083333333333, 0.11297265625]","[0.0915104166666667, 0.11427083333333321]","[0.08658492476851858, 0.11919039351851864]"
primary,trained_colors_both_orders,400,400,3,5000,Frozen,caption_accuracy,0.743984375,0.0,"{""42"": 0.743984375, ""43"": 0.743984375, ""44"": 0.743984375}","[0.737265625, 0.750625]","[0.737265625, 0.7506249999999999]","[0.7346697048611112, 0.7529776475694444]"
primary,trained_colors_both_orders,400,400,3,5000,Ranking,caption_accuracy,0.8288020833333333,0.0007002255031118885,"{""42"": 0.828359375, ""43"": 0.829609375, ""44"": 0.8284375}","[0.8216666666666667, 0.8356256510416666]","[0.8216145833333333, 0.8357037760416667]","[0.8182433449074072, 0.8388370225694445]"
primary,trained_colors_both_orders,400,400,3,5000,IS,caption_accuracy,0.86625,0.002347653000205773,"{""42"": 0.868515625, ""43"": 0.863828125, ""44"": 0.86640625}","[0.8569010416666667, 0.8748964843750001]","[0.8565104166666666, 0.8752356770833333]","[0.852884693287037, 0.879253689236111]"
primary,trained_colors_both_orders,400,400,3,5000,IS - Ranking,caption_accuracy,0.03744791666666666,0.0030028198552915987,"{""42"": 0.040156250000000004, ""43"": 0.034218749999999964, ""44"": 0.037968749999999996}","[0.03148372395833334, 0.043229817708333305]","[0.030677083333333296, 0.044062500000000004]","[0.028095992476851846, 0.04609968171296301]"
primary,trained_colors_both_orders,400,400,3,5000,Frozen,word1_accuracy,0.9836718750000001,1.3597399555105182e-16,"{""42"": 0.983671875, ""43"": 0.983671875, ""44"": 0.983671875}","[0.9790625, 0.98796875]","[0.9790624999999998, 0.9879687499999998]","[0.9772992621527777, 0.9892968749999999]"
primary,trained_colors_both_orders,400,400,3,5000,Ranking,word1_accuracy,0.9959375,0.000358013726168378,"{""42"": 0.996015625, ""43"": 0.99625, ""44"": 0.995546875}","[0.993515625, 0.99796875]","[0.9934635416666666, 0.9979947916666666]","[0.992288700810185, 0.998515625]"
primary,trained_colors_both_orders,400,400,3,5000,IS,word1_accuracy,0.9839583333333334,0.0008426400878834596,"{""42"": 0.984921875, ""43"": 0.983359375, ""44"": 0.98359375}","[0.9792708333333334, 0.988203125]","[0.9792447916666667, 0.988203125]","[0.9772999131944444, 0.9898206741898148]"
primary,trained_colors_both_orders,400,400,3,5000,IS - Ranking,word1_accuracy,-0.011979166666666652,0.0008987205170175323,"{""42"": -0.011093750000000013, ""43"": -0.012890624999999933, ""44"": -0.011953125000000009}","[-0.01549479166666646, -0.008854166666666607]","[-0.015625000000000003, -0.008749348958333271]","[-0.017297598379629565, -0.0075402199074074035]"
primary,trained_colors_both_orders,400,400,3,5000,Frozen,word2_accuracy,0.9855468750000002,1.3597399555105182e-16,"{""42"": 0.985546875, ""43"": 0.985546875, ""44"": 0.985546875}","[0.981326171875, 0.98921875]","[0.9813261718749999, 0.9892187499999999]","[0.9796004774305556, 0.9905557725694445]"
primary,trained_colors_both_orders,400,400,3,5000,Ranking,word2_accuracy,0.9960416666666667,0.0002511367385675267,"{""42"": 0.9959375, ""43"": 0.996328125, ""44"": 0.995859375}","[0.9939583333333334, 0.9977604166666666]","[0.9939583333333333, 0.9977864583333332]","[0.9930959924768518, 0.9982581741898149]"
primary,trained_colors_both_orders,400,400,3,5000,IS,word2_accuracy,0.9857552083333333,0.0003522851369393047,"{""42"": 0.98578125, ""43"": 0.98609375, ""44"": 0.985390625}","[0.9815885416666666, 0.9895572916666667]","[0.9815885416666666, 0.9896093749999999]","[0.979597511574074, 0.9909925491898148]"
primary,trained_colors_both_orders,400,400,3,5000,IS - Ranking,word2_accuracy,-0.01028645833333334,0.0001626301562083126,"{""42"": -0.010156249999999978, ""43"": -0.010234375000000018, ""44"": -0.010468750000000027}","[-0.01356770833333321, -0.007317708333333339]","[-0.013568359374999983, -0.007291666666666585]","[-0.015029007523148038, -0.006273075810185236]"
primary,trained_colors_both_orders,400,400,3,5000,Frozen,both_correct,0.18281249999999996,3.3993498887762956e-17,"{""42"": 0.1828125, ""43"": 0.1828125, ""44"": 0.1828125}","[0.1675, 0.19782031249999993]","[0.16749999999999998, 0.1978203124999999]","[0.160625, 0.20441059027777783]"
primary,trained_colors_both_orders,400,400,3,5000,Ranking,both_correct,0.4041666666666666,0.0012629537138523046,"{""42"": 0.404375, ""43"": 0.4028125, ""44"": 0.4053125}","[0.3823932291666667, 0.4254166666666667]","[0.38229166666666664, 0.42593749999999997]","[0.3733900462962963, 0.4337288773148149]"
primary,trained_colors_both_orders,400,400,3,5000,IS,both_correct,0.5801041666666666,0.010790681261316815,"{""42"": 0.5890625, ""43"": 0.568125, ""44"": 0.583125}","[0.5522916666666666, 0.6059375]","[0.5506249999999999, 0.6083333333333333]","[0.5386906828703705, 0.6205208333333333]"
primary,trained_colors_both_orders,400,400,3,5000,IS - Ranking,both_correct,0.1759375,0.00982264602843861,"{""42"": 0.18468750000000006, ""43"": 0.16531249999999997, ""44"": 0.17781249999999998}","[0.15729166666666666, 0.19489843749999985]","[0.1540625, 0.19760416666666658]","[0.14623813657407403, 0.20625]"
primary,trained_colors_both_orders,400,400,3,5000,Frozen,binding,0.9781524434610057,1.3597399555105182e-16,"{""42"": 0.9781524434610056, ""43"": 0.9781524434610056, ""44"": 0.9781524434610056}","[0.9639138161057491, 0.9919036145075287]","[0.963913816105749, 0.9919036145075286]","[0.9571755966842597, 0.9989471856683692]"
primary,trained_colors_both_orders,400,400,3,5000,Ranking,binding,1.3124207843878326,0.0040819761005813785,"{""42"": 1.313866644852973, ""43"": 1.3078126714668648, ""44"": 1.3155830368436603}","[1.294505489440615, 1.33004944522708]","[1.2941157747421375, 1.33027312074091]","[1.2864976157312635, 1.337624782773588]"
primary,trained_colors_both_orders,400,400,3,5000,IS,binding,1.0314079994922103,0.0014642716261343974,"{""42"": 1.0329414038604743, ""43"": 1.0300243737490826, ""44"": 1.0312582208670735}","[1.0161458113648403, 1.0464147243480635]","[1.0160336804379926, 1.0466617553118605]","[1.008482471908557, 1.053492876799082]"
primary,trained_colors_both_orders,400,400,3,5000,IS - Ranking,binding,-0.28101278489562254,0.003269138370909407,"{""42"": -0.2809252409924987, ""43"": -0.27778829771778213, ""44"": -0.28432481597658676}","[-0.2855301197869719, -0.27650739889654874]","[-0.2864178849048513, -0.275559638516402]","[-0.28870929250403493, -0.2732393193095691]"
primary,trained_colors_both_orders,400,400,3,5000,Frozen,cross,0.977056183504724,0.0,"{""42"": 0.977056183504724, ""43"": 0.977056183504724, ""44"": 0.977056183504724}","[0.9632533497622798, 0.990598389324477]","[0.9632533497622799, 0.990598389324477]","[0.9570058436715569, 0.9973054184584452]"
primary,trained_colors_both_orders,400,400,3,5000,Ranking,cross,1.2688145815572442,0.004020720331330839,"{""42"": 1.2702898031307313, ""43"": 1.2642646246470992, ""44"": 1.2718893168939027}","[1.2517863951978054, 1.2853045319601313]","[1.2515952090325524, 1.2855995441379613]","[1.245025442761232, 1.2934254212911793]"
primary,trained_colors_both_orders,400,400,3,5000,IS,cross,0.9026213529226311,0.000651235471118382,"{""42"": 0.9018875573234645, ""43"": 0.9031306082047206, ""44"": 0.9028458932397085}","[0.8889467590944617, 0.9160795566200937]","[0.888928530692878, 0.9160779104627604]","[0.8842069090229151, 0.9217503567439801]"
primary,trained_colors_both_orders,400,400,3,5000,IS - Ranking,cross,-0.3661932286346132,0.004393119422732409,"{""42"": -0.36840224580726677, ""43"": -0.36113401644237864, ""44"": -0.3690434236541942}","[-0.3718015182908535, -0.3605656884437974]","[-0.373062910190844, -0.359061061313211]","[-0.375308218826022, -0.3562019320515901]"
primary,trained_colors_both_orders,400,400,3,5000,Frozen,response,0.006534983499536958,0.0,"{""42"": 0.006534983499536958, ""43"": 0.006534983499536958, ""44"": 0.006534983499536958}","[0.00501089916099311, 0.00803114381298194]","[0.00501089916099311, 0.00803114381298194]","[0.004340212086315432, 0.008707728659910598]"
primary,trained_colors_both_orders,400,400,3,5000,Ranking,response,0.048513292837928025,0.00019349662575114296,"{""42"": 0.048694233341115147, ""43"": 0.04853634062413848, ""44"": 0.04830930454853046}","[0.044707377093783265, 0.0521554155500884]","[0.04471603043590638, 0.05213619963361161]","[0.04329551696576826, 0.053778448890287565]"
primary,trained_colors_both_orders,400,400,3,5000,IS,response,0.13844975556080016,0.0020720090705894476,"{""42"": 0.14065854081132062, ""43"": 0.13654901352955195, ""44"": 0.13814171234152792}","[0.12845499144760292, 0.14820176306250563]","[0.12816503792968134, 0.14816006397307235]","[0.12446797573873554, 0.1527526824225084]"
primary,trained_colors_both_orders,400,400,3,5000,IS - Ranking,response,0.08993646272287215,0.001977871205295768,"{""42"": 0.09196430747020548, ""43"": 0.08801267290541348, ""44"": 0.08983240779299745}","[0.08352669561133852, 0.09621787143512658]","[0.08313921954885319, 0.09642011363409356]","[0.08056234193831918, 0.09942188514087737]"
primary,trained_colors_both_orders,400,400,3,5000,Frozen,preference,0.08125406506942237,0.0,"{""42"": 0.08125406506942237, ""43"": 0.08125406506942237, ""44"": 0.08125406506942237}","[0.0777817923267316, 0.08488449126411834]","[0.0777817923267316, 0.08488449126411834]","[0.07642208344413812, 0.0863146079888068]"
primary,trained_colors_both_orders,400,400,3,5000,Ranking,preference,0.06841243439252627,0.0001923413690921224,"{""42"": 0.06863083098292048, ""43"": 0.06833819892390774, ""44"": 0.06826827327075055}","[0.06582070279918496, 0.0710194304560327]","[0.0658048164396812, 0.0710392904621526]","[0.06485409569344001, 0.07210255691680213]"
primary,trained_colors_both_orders,400,400,3,5000,IS,preference,0.10727837694225247,0.0016324871191960037,"{""42"": 0.10737763431311943, ""43"": 0.10885897068798822, ""44"": 0.10559852582564977}","[0.10171383474388403, 0.11312481475640149]","[0.10137237246284235, 0.11338485252720823]","[0.09931700681849252, 0.11573924423771266]"
primary,trained_colors_both_orders,400,400,3,5000,IS - Ranking,preference,0.038865942549726216,0.0015985927627950858,"{""42"": 0.03874680333019895, ""43"": 0.04052077176408048, ""44"": 0.03733025255489922}","[0.03423267243651708, 0.04359226100309991]","[0.033844546428017395, 0.04388279612262712]","[0.0321950279399566, 0.0458231298983158]"
transfer,background_shift,400,400,3,5000,Frozen,exchange_accuracy,0.51640625,0.0,"{""42"": 0.51640625, ""43"": 0.51640625, ""44"": 0.51640625}","[0.49578125, 0.5375]","[0.49578124999999995, 0.5374999999999999]","[0.48703125, 0.5462855902777778]"
transfer,background_shift,400,400,3,5000,Ranking,exchange_accuracy,0.6078645833333334,0.005558050654980903,"{""42"": 0.61421875, ""43"": 0.60390625, ""44"": 0.60546875}","[0.5858841145833333, 0.6294270833333333]","[0.58520703125, 0.63015625]","[0.5774182581018518, 0.6389299768518519]"
transfer,background_shift,400,400,3,5000,IS,exchange_accuracy,0.6763541666666667,0.02219043407829904,"{""42"": 0.691875, ""43"": 0.6509375, ""44"": 0.68625}","[0.6555703125000001, 0.6969804687499999]","[0.6458841145833333, 0.7056796875]","[0.6335581597222222, 0.7149017650462962]"
transfer,background_shift,400,400,3,5000,IS - Ranking,exchange_accuracy,0.06848958333333333,0.01864903371044554,"{""42"": 0.07765624999999998, ""43"": 0.04703124999999997, ""44"": 0.08078125000000003}","[0.05536328124999994, 0.08187760416666666]","[0.04515625000000001, 0.08953124999999995]","[0.035698206018518516, 0.0967154224537038]"
transfer,geometry_shift,400,400,3,5000,Frozen,exchange_accuracy,0.5525,0.0,"{""42"": 0.5525, ""43"": 0.5525, ""44"": 0.5525}","[0.5295234375, 0.57515625]","[0.5295234375, 0.57515625]","[0.5202947048611111, 0.5836115451388888]"
transfer,geometry_shift,400,400,3,5000,Ranking,exchange_accuracy,0.6564583333333333,0.0038727732177127883,"{""42"": 0.660625, ""43"": 0.65296875, ""44"": 0.65578125}","[0.6321328125, 0.6808346354166666]","[0.63140625, 0.6807812499999999]","[0.6219244791666666, 0.6887038483796296]"
transfer,geometry_shift,400,400,3,5000,IS,exchange_accuracy,0.7130729166666666,0.009097901400643605,"{""42"": 0.70640625, ""43"": 0.709375, ""44"": 0.7234375}","[0.6885403645833332, 0.7358346354166666]","[0.6874479166666667, 0.7382825520833333]","[0.6770774016203703, 0.7473615451388887]"
transfer,geometry_shift,400,400,3,5000,IS - Ranking,exchange_accuracy,0.05661458333333332,0.010938987994020885,"{""42"": 0.045781249999999996, ""43"": 0.05640624999999999, ""44"": 0.06765624999999997}","[0.044217447916666534, 0.06921874999999988]","[0.04005078124999999, 0.07276171874999997]","[0.03390625000000003, 0.07949696180555557]"
transfer,color_recombination,400,400,3,5000,Frozen,exchange_accuracy,0.52328125,0.0,"{""42"": 0.52328125, ""43"": 0.52328125, ""44"": 0.52328125}","[0.5078125, 0.53765625]","[0.5078125, 0.53765625]","[0.5021519097222222, 0.5434908854166668]"
transfer,color_recombination,400,400,3,5000,Ranking,exchange_accuracy,0.586875,0.001562499999999967,"{""42"": 0.5884375, ""43"": 0.5853125, ""44"": 0.586875}","[0.5688007812499999, 0.604375]","[0.56859375, 0.6044804687499999]","[0.561550636574074, 0.6120951967592593]"
transfer,color_recombination,400,400,3,5000,IS,exchange_accuracy,0.6091666666666667,0.004709151385423221,"{""42"": 0.60421875, ""43"": 0.6096875, ""44"": 0.61359375}","[0.5940091145833334, 0.6236979166666666]","[0.5933854166666667, 0.62484375]","[0.587025318287037, 0.6304344618055555]"
transfer,color_recombination,400,400,3,5000,IS - Ranking,exchange_accuracy,0.02229166666666671,0.005758683434243712,"{""42"": 0.01578125000000008, ""43"": 0.024375000000000036, ""44"": 0.026718750000000013}","[0.012760416666666607, 0.032187499999999925]","[0.010885416666666647, 0.03359374999999998]","[0.006284288194444391, 0.037928530092592644]"
transfer,noun_recombination,2400,100,3,5000,Frozen,exchange_accuracy,0.545625,0.0,"{""42"": 0.545625, ""43"": 0.545625, ""44"": 0.545625}","[0.5316666666666666, 0.5596875]","[0.5316666666666666, 0.5596875]","[0.525925636574074, 0.5648035300925927]"
transfer,noun_recombination,2400,100,3,5000,Ranking,exchange_accuracy,0.6036805555555556,0.003958790178315283,"{""42"": 0.6076041666666666, ""43"": 0.60375, ""44"": 0.5996875}","[0.5909348958333334, 0.6165277777777778]","[0.5904149305555556, 0.616875]","[0.5851230709876543, 0.6236884645061729]"
transfer,noun_recombination,2400,100,3,5000,IS,exchange_accuracy,0.6393402777777778,0.0008735934462089756,"{""42"": 0.6397916666666666, ""43"": 0.6383333333333333, ""44"": 0.6398958333333333}","[0.6283333333333333, 0.6503472222222222]","[0.6280208333333334, 0.6504522569444444]","[0.6236032021604938, 0.6546220100308642]"
transfer,noun_recombination,2400,100,3,5000,IS - Ranking,exchange_accuracy,0.03565972222222221,0.004117329428205871,"{""42"": 0.032187500000000036, ""43"": 0.0345833333333333, ""44"": 0.04020833333333329}","[0.02767274305555566, 0.043786458333333375]","[0.026388020833333352, 0.04496614583333335]","[0.022310570987654366, 0.04976485339506174]"
transfer,caption_gallery,400,400,3,5000,Frozen,gallery_top1,0.3796875,0.0,"{""42"": 0.3796875, ""43"": 0.3796875, ""44"": 0.3796875}","[0.34625, 0.4137578124999999]","[0.34625, 0.4137578124999998]","[0.33246440972222224, 0.4269105902777778]"
transfer,caption_gallery,400,400,3,5000,Ranking,gallery_top1,0.42416666666666664,0.0015728821740147354,"{""42"": 0.4225, ""43"": 0.425625, ""44"": 0.424375}","[0.38885416666666667, 0.4608359375]","[0.38874479166666664, 0.46052343749999997]","[0.3747798032407407, 0.47469936342592595]"
transfer,caption_gallery,400,400,3,5000,IS,gallery_top1,0.44979166666666676,0.002657781421286056,"{""42"": 0.4496875, ""43"": 0.4471875, ""44"": 0.4525}","[0.4128098958333334, 0.4885442708333333]","[0.41259895833333327, 0.48854687499999994]","[0.3989108796296296, 0.5041785300925926]"
transfer,caption_gallery,400,400,3,5000,IS - Ranking,gallery_top1,0.025625000000000026,0.003549317716125159,"{""42"": 0.02718750000000003, ""43"": 0.02156250000000004, ""44"": 0.02812500000000001}","[0.01614583333333336, 0.035419270833333336]","[0.015518229166666654, 0.036250000000000004]","[0.011238136574074055, 0.040660590277777846]"
transfer,attribute_clause_red-blue,400,400,3,5000,Frozen,exchange_accuracy,0.516875,0.0,"{""42"": 0.516875, ""43"": 0.516875, ""44"": 0.516875}","[0.506875, 0.526875]","[0.506875, 0.526875]","[0.5039583333333332, 0.5308570601851852]"
transfer,attribute_clause_red-blue,400,400,3,5000,Ranking,exchange_accuracy,0.5279166666666667,0.005051814855409246,"{""42"": 0.5325, ""43"": 0.5225, ""44"": 0.5287500000000002}","[0.5177777777777778, 0.5383333333333333]","[0.5169427083333333, 0.5393055555555555]","[0.513186535493827, 0.5440435956790124]"
transfer,attribute_clause_red-blue,400,400,3,5000,IS,exchange_accuracy,0.5040972222222223,0.005163697623616939,"{""42"": 0.5049999999999997, ""43"": 0.498541666666667, ""44"": 0.5087500000000003}","[0.4938888888888888, 0.5140972222222222]","[0.49243055555555554, 0.5153472222222222]","[0.488125, 0.5206944444444443]"
transfer,attribute_clause_red-blue,400,400,3,5000,IS - Ranking,exchange_accuracy,-0.023819444444444393,0.003751928516455772,"{""42"": -0.027500000000000302, ""43"": -0.02395833333333297, ""44"": -0.019999999999999907}","[-0.031597222222222276, -0.016388888888888894]","[-0.03256944444444438, -0.015208333333333268]","[-0.03598013117283954, -0.01124999999999997]"
transfer,attribute_clause_green-yellow,400,400,3,5000,Frozen,exchange_accuracy,0.5249999999999999,0.0,"{""42"": 0.5249999999999999, ""43"": 0.5249999999999999, ""44"": 0.5249999999999999}","[0.5095833333333333, 0.5404166666666665]","[0.5095833333333333, 0.5404166666666665]","[0.5031249999999998, 0.5473153935185184]"
transfer,attribute_clause_green-yellow,400,400,3,5000,Ranking,exchange_accuracy,0.5252777777777781,0.0007887372702501124,"{""42"": 0.5258333333333337, ""43"": 0.5243750000000001, ""44"": 0.5256250000000001}","[0.5095833333333334, 0.5403472222222221]","[0.5094444444444444, 0.5404861111111109]","[0.5028393132716048, 0.5463967978395062]"
transfer,attribute_clause_green-yellow,400,400,3,5000,IS,exchange_accuracy,0.4781250000000002,0.007580585582775291,"{""42"": 0.4827083333333334, ""43"": 0.46937499999999993, ""44"": 0.4822916666666671}","[0.4639583333333333, 0.49208333333333326]","[0.4620138888888889, 0.4939600694444445]","[0.454375, 0.49990065586419763]"
transfer,attribute_clause_green-yellow,400,400,3,5000,IS - Ranking,exchange_accuracy,-0.04715277777777784,0.0067966920739540556,"{""42"": -0.0431250000000003, ""43"": -0.055000000000000215, ""44"": -0.043333333333333}","[-0.056736111111111154, -0.03722222222222221]","[-0.05923611111111127, -0.03555381944444448]","[-0.06493846450617279, -0.03036921296296277]"
transfer,reverse_order_red-blue,400,400,3,5000,Frozen,exchange_accuracy,0.516875,0.0,"{""42"": 0.516875, ""43"": 0.516875, ""44"": 0.516875}","[0.49874999999999997, 0.5356302083333334]","[0.49874999999999986, 0.5356302083333334]","[0.49138715277777767, 0.5447916666666666]"
transfer,reverse_order_red-blue,400,400,3,5000,Ranking,exchange_accuracy,0.6219444444444444,0.004073613715573158,"{""42"": 0.6185416666666664, ""43"": 0.6264583333333336, ""44"": 0.6208333333333331}","[0.601456597222222, 0.6421527777777777]","[0.6009722222222222, 0.6427083333333332]","[0.5920675154320988, 0.6521149691358024]"
transfer,reverse_order_red-blue,400,400,3,5000,IS,exchange_accuracy,0.7186805555555557,0.005923167399038601,"{""42"": 0.7204166666666662, ""43"": 0.7120833333333338, ""44"": 0.7235416666666669}","[0.6979166666666666, 0.7385416666666668]","[0.6970121527777777, 0.7395833333333333]","[0.6880476466049382, 0.7489126157407409]"
transfer,reverse_order_red-blue,400,400,3,5000,IS - Ranking,exchange_accuracy,0.09673611111111124,0.009631521359769779,"{""42"": 0.10187499999999972, ""43"": 0.08562500000000028, ""44"": 0.10270833333333373}","[0.08326388888888892, 0.11083333333333345]","[0.07992881944444462, 0.11292013888888927]","[0.07351793981481516, 0.11939872685185178]"
transfer,reverse_order_green-yellow,400,400,3,5000,Frozen,exchange_accuracy,0.4852083333333335,0.0,"{""42"": 0.4852083333333335, ""43"": 0.4852083333333335, ""44"": 0.4852083333333335}","[0.4712500000000001, 0.49917187500000004]","[0.47125000000000006, 0.4991718750000001]","[0.4660179398148148, 0.5060653935185185]"
transfer,reverse_order_green-yellow,400,400,3,5000,Ranking,exchange_accuracy,0.6130555555555562,0.00012028130608109468,"{""42"": 0.6131250000000006, ""43"": 0.6131250000000005, ""44"": 0.6129166666666673}","[0.5960416666666668, 0.6306250000000001]","[0.5956232638888888, 0.630625]","[0.5895596064814813, 0.6372916666666666]"
transfer,reverse_order_green-yellow,400,400,3,5000,IS,exchange_accuracy,0.7395833333333326,0.005120085719768324,"{""42"": 0.7433333333333322, ""43"": 0.7416666666666661, ""44"": 0.7337499999999995}","[0.7205538194444443, 0.7577083333333334]","[0.7203454861111112, 0.7585416666666669]","[0.7109564043209876, 0.7652874228395067]"
transfer,reverse_order_green-yellow,400,400,3,5000,IS - Ranking,exchange_accuracy,0.12652777777777646,0.005001446550008412,"{""42"": 0.1302083333333316, ""43"": 0.12854166666666567, ""44"": 0.12083333333333213}","[0.11242881944444437, 0.1407638888888888]","[0.11131944444444453, 0.1415295138888889]","[0.10623418209876537, 0.14836496913580247]"
natural,sugarcrepe_full,7511,1560,3,5000,Frozen,accuracy,0.8347756623618693,0.0,"{""42"": 0.8347756623618693, ""43"": 0.8347756623618693, ""44"": 0.8347756623618693}","[0.8253632283531542, 0.8437994707209743]","[0.8253632283531541, 0.8437994707209743]","[0.8215269871138478, 0.8479158437684182]"
natural,sugarcrepe_full,7511,1560,3,5000,Ranking,accuracy,0.8357520081658013,0.0007332672809594454,"{""42"": 0.8361070430035947, ""43"": 0.8362401810677673, ""44"": 0.8349088004260418}","[0.8265650080983018, 0.8450182798790055]","[0.8265649445050375, 0.8450181832426267]","[0.8222670950735192, 0.8486297821492585]"
natural,sugarcrepe_full,7511,1560,3,5000,IS,accuracy,0.8311365552744863,0.0006701135610234445,"{""42"": 0.8310477965650379, ""43"": 0.8305152443083478, ""44"": 0.8318466249500732}","[0.8218188808460405, 0.8406551992554853]","[0.8216652886380986, 0.8406942144062935]","[0.8179259645871448, 0.8444543063533251]"
natural,sugarcrepe_full,7511,1560,3,5000,IS - Ranking,accuracy,-0.004615452891314968,0.0013857449071136908,"{""42"": -0.005059246438556819, ""43"": -0.005724936759419541, ""44"": -0.0030621754759685427}","[-0.00925798722470382, 9.04971850456257e-05]","[-0.009629990654271647, 0.00044543056471359584]","[-0.011628731019959003, 0.002632779163902449]"
natural,aro_full,28748,4517,3,5000,Frozen,accuracy,0.5912063447892028,0.0,"{""42"": 0.5912063447892028, ""43"": 0.5912063447892028, ""44"": 0.5912063447892028}","[0.5822431906966787, 0.5998499712278745]","[0.5822431906966787, 0.5998499712278745]","[0.5785607507732077, 0.603071470761961]"
natural,aro_full,28748,4517,3,5000,Ranking,accuracy,0.5935021566717684,0.0015388198386388364,"{""42"": 0.595206623069431, ""43"": 0.5930847363294838, ""44"": 0.5922151106163908}","[0.5846998781367204, 0.6021757192338224]","[0.5844751637052346, 0.6022271896280913]","[0.5804610618041498, 0.6059117845444945]"
natural,aro_full,28748,4517,3,5000,IS,accuracy,0.5966559992579193,0.0010437440879799728,"{""42"": 0.597711145123139, ""43"": 0.5966328092389036, ""44"": 0.5956240434117156}","[0.5879955318145809, 0.6054275256361549]","[0.5878735317658379, 0.6055252141407725]","[0.5835052978670956, 0.6093529967248213]"
natural,aro_full,28748,4517,3,5000,IS - Ranking,accuracy,0.0031538425861509234,0.0005666152647312489,"{""42"": 0.0025045220537081025, ""43"": 0.0035480729094198304, ""44"": 0.003408932795324837}","[-0.0006812615193014736, 0.006894318213265136]","[-0.000786422571189016, 0.007040805256209488]","[-0.0023961320467858977, 0.008528659641024035]"
natural,aro_either_red_blue,4674,1540,3,5000,Frozen,accuracy,0.6003423192126658,0.0,"{""42"": 0.6003423192126658, ""43"": 0.6003423192126658, ""44"": 0.6003423192126658}","[0.5808028739398855, 0.618842897025651]","[0.5808028739398855, 0.618842897025651]","[0.5730717198551558, 0.6266048141964592]"
natural,aro_either_red_blue,4674,1540,3,5000,Ranking,accuracy,0.6114676936243046,0.00238244089124095,"{""42"": 0.6140350877192983, ""43"": 0.6110397946084724, ""44"": 0.6093281985451433}","[0.5925445034868172, 0.6296218065986263]","[0.5923097756689844, 0.6300236262855]","[0.5852602580763899, 0.6396668231670205]"
natural,aro_either_red_blue,4674,1540,3,5000,IS,accuracy,0.6101126800741693,0.004396822890257686,"{""42"": 0.6129653401797176, ""43"": 0.6123234916559692, ""44"": 0.6050492083868207}","[0.5906406146523887, 0.6283357556616052]","[0.5898033443010494, 0.6290325053999528]","[0.5834753762550858, 0.6379601556929209]"
natural,aro_either_red_blue,4674,1540,3,5000,IS - Ranking,accuracy,-0.0013550135501354532,0.0027922938169236723,"{""42"": -0.0010697475395806677, ""43"": 0.0012836970474968679, ""44"": -0.00427899015832256}","[-0.010186276319290583, 0.007415914272860428]","[-0.010769921774049274, 0.008023991878108917]","[-0.014986090896059167, 0.011864771748492903]"
natural,aro_exact_red_blue,83,73,3,5000,Frozen,accuracy,0.7108433734939759,0.0,"{""42"": 0.7108433734939759, ""43"": 0.7108433734939759, ""44"": 0.7108433734939759}","[0.6125, 0.8068284501642934]","[0.6125, 0.8068284501642934]","[0.5714285714285714, 0.8333333333333334]"
natural,aro_exact_red_blue,83,73,3,5000,Ranking,accuracy,0.7269076305220884,0.0069560273396340674,"{""42"": 0.7349397590361446, ""43"": 0.7228915662650602, ""44"": 0.7228915662650602}","[0.6324786324786325, 0.819277108433735]","[0.6309523809523809, 0.8196157313500111]","[0.5959827264239029, 0.8510796417332366]"
natural,aro_exact_red_blue,83,73,3,5000,IS,accuracy,0.7469879518072289,0.0,"{""42"": 0.7469879518072289, ""43"": 0.7469879518072289, ""44"": 0.7469879518072289}","[0.65, 0.8409229490022171]","[0.65, 0.840922949002217]","[0.6075434498693992, 0.8767146776406038]"
natural,aro_exact_red_blue,83,73,3,5000,IS - Ranking,accuracy,0.020080321285140517,0.006956027339634068,"{""42"": 0.012048192771084265, ""43"": 0.02409638554216864, ""44"": 0.02409638554216864}","[-0.03749999999999998, 0.08045977011494254]","[-0.03745435393258425, 0.08071673085151886]","[-0.06190637425986705, 0.1100526019305141]"
natural,coco_t2i,25014,5000,3,5000,Frozen,recall1,0.4550251858958983,0.0,"{""42"": 0.4550251858958983, ""43"": 0.4550251858958983, ""44"": 0.4550251858958983}","[0.4450884441773537, 0.4644727897956736]","[0.44508844417735366, 0.4644727897956736]","[0.44172267360863054, 0.4687862537211177]"
natural,coco_t2i,25014,5000,3,5000,Ranking,recall1,0.4542389595160044,0.00034467410667031,"{""42"": 0.4538658351323259, ""43"": 0.45454545454545453, ""44"": 0.45430558887023265}","[0.44422209148127384, 0.46351653191844044]","[0.44425333649608334, 0.4634948781984561]","[0.4410693398256443, 0.4682388788992703]"
natural,coco_t2i,25014,5000,3,5000,IS,recall1,0.44563044694970816,0.0007004643586765708,"{""42"": 0.4463500439753738, ""43"": 0.44559046933717117, ""44"": 0.4449508275365795}","[0.43589689773726714, 0.45500856416157237]","[0.43586129836684806, 0.45506063196166685]","[0.43224976083313305, 0.45889439994301173]"
natural,coco_t2i,25014,5000,3,5000,IS - Ranking,recall1,-0.008608512566296208,0.0009672048885490243,"{""42"": -0.007515791156952112, ""43"": -0.008954985208283361, ""44"": -0.00935476133365315}","[-0.010876095482145968, -0.006408687041470979]","[-0.01111336532480004, -0.006183686130915716]","[-0.01200797567703474, -0.005286773227993987]"
natural,coco_i2t,5000,5000,3,5000,Frozen,recall1,0.6196,0.0,"{""42"": 0.6196, ""43"": 0.6196, ""44"": 0.6196}","[0.6062, 0.633]","[0.6062, 0.633]","[0.5997544444444445, 0.6380227777777778]"
natural,coco_i2t,5000,5000,3,5000,Ranking,recall1,0.6108,0.0008000000000000229,"{""42"": 0.61, ""43"": 0.6116, ""44"": 0.6108}","[0.5973999999999999, 0.624]","[0.5973999999999999, 0.6237999999999999]","[0.5913544444444444, 0.6292]"
natural,coco_i2t,5000,5000,3,5000,IS,recall1,0.5971333333333333,0.0032020826556061243,"{""42"": 0.594, ""43"": 0.6004, ""44"": 0.597}","[0.5836666666666667, 0.6106666666666666]","[0.5833983333333332, 0.611]","[0.5767696296296296, 0.6158151851851852]"
natural,coco_i2t,5000,5000,3,5000,IS - Ranking,recall1,-0.01366666666666668,0.002402776172125361,"{""42"": -0.016000000000000014, ""43"": -0.011199999999999988, ""44"": -0.013800000000000034}","[-0.020400000000000085, -0.006866666666666799]","[-0.02086833333333347, -0.006266666666666643]","[-0.024399999999999977, -0.0031544444444443656]"
natural,coco_t2i,25014,5000,3,5000,Frozen,recall5,0.7039258015511315,1.3597399555105182e-16,"{""42"": 0.7039258015511314, ""43"": 0.7039258015511314, ""44"": 0.7039258015511314}","[0.6947898434047557, 0.7127619822497064]","[0.6947898434047557, 0.7127619822497065]","[0.6905039620429685, 0.7160870491929587]"
natural,coco_t2i,25014,5000,3,5000,Ranking,recall5,0.703472721942379,0.00023081085359783295,"{""42"": 0.7036059806508356, ""43"": 0.7032062045254658, ""44"": 0.7036059806508356}","[0.6944197122150079, 0.7122340860062437]","[0.694343338647782, 0.7122429982613133]","[0.6899578029523716, 0.716046162865453]"
natural,coco_t2i,25014,5000,3,5000,IS,recall5,0.697715945737054,0.0005062077213619922,"{""42"": 0.6975293835452147, ""43"": 0.6982889581834173, ""44"": 0.6973294954825298}","[0.6884387325445049, 0.7064983609178859]","[0.6884970176549337, 0.7064277442252742]","[0.6843131686871226, 0.7104828495925033]"
natural,coco_t2i,25014,5000,3,5000,IS - Ranking,recall5,-0.005756776205325072,0.0007338914108373811,"{""42"": -0.006076597105620918, ""43"": -0.004917246342048487, ""44"": -0.006276485168305812}","[-0.007663275580874839, -0.0039311318994696975]","[-0.007795026774133404, -0.0037584890879726303]","[-0.008674487846289429, -0.002929835820171312]"
natural,coco_i2t,5000,5000,3,5000,Frozen,recall5,0.8370000000000001,1.3597399555105182e-16,"{""42"": 0.837, ""43"": 0.837, ""44"": 0.837}","[0.8266, 0.8472]","[0.8265999999999999, 0.8472]","[0.8229772222222221, 0.8508227777777777]"
natural,coco_i2t,5000,5000,3,5000,Ranking,recall5,0.8351999999999999,0.00040000000000001146,"{""42"": 0.8348, ""43"": 0.8356, ""44"": 0.8352}","[0.8250000000000001, 0.8452666666666667]","[0.8249316666666666, 0.8452683333333333]","[0.8212, 0.8492818518518518]"
natural,coco_i2t,5000,5000,3,5000,IS,recall5,0.8283999999999999,0.0014000000000000123,"{""42"": 0.827, ""43"": 0.8298, ""44"": 0.8284}","[0.8178666666666666, 0.8387333333333333]","[0.8181316666666666, 0.8387333333333333]","[0.8141333333333333, 0.8428818518518518]"
natural,coco_i2t,5000,5000,3,5000,IS - Ranking,recall5,-0.006800000000000028,0.0010000000000000009,"{""42"": -0.007800000000000029, ""43"": -0.005800000000000027, ""44"": -0.006800000000000028}","[-0.011868333333333356, -0.0017333333333333617]","[-0.01206666666666667, -0.001400000000000176]","[-0.014022777777777775, 0.0008000000000000229]"
