model,category,n,accuracy
frozen,full,7511,76.54107309279723
frozen,add_att,692,68.64161849710982
frozen,add_obj,2062,77.20659553831231
frozen,replace_att,788,80.0761421319797
frozen,replace_obj,1652,90.92009685230025
frozen,replace_rel,1406,69.27453769559034
frozen,swap_att,666,63.813813813813816
frozen,swap_obj,245,61.224489795918366
ranking,full,7511,75.80881373984822
ranking,add_att,692,66.1849710982659
ranking,add_obj,2062,74.44228903976722
ranking,replace_att,788,79.82233502538071
ranking,replace_obj,1652,91.4043583535109
ranking,replace_rel,1406,68.9900426742532
ranking,swap_att,666,65.16516516516516
ranking,swap_obj,245,64.48979591836735
previous_IS,full,7511,75.98189322327254
previous_IS,add_att,692,67.91907514450867
previous_IS,add_obj,2062,73.66634335596508
previous_IS,replace_att,788,80.71065989847716
previous_IS,replace_obj,1652,92.37288135593221
previous_IS,replace_rel,1406,68.34992887624468
previous_IS,swap_att,666,66.21621621621621
previous_IS,swap_obj,245,62.857142857142854
same_scale_ablation,full,7511,75.80881373984822
same_scale_ablation,add_att,692,66.1849710982659
same_scale_ablation,add_obj,2062,74.44228903976722
same_scale_ablation,replace_att,788,79.82233502538071
same_scale_ablation,replace_obj,1652,91.4043583535109
same_scale_ablation,replace_rel,1406,68.9900426742532
same_scale_ablation,swap_att,666,65.16516516516516
same_scale_ablation,swap_obj,245,64.48979591836735
initial_prefix,full,7511,74.47743309812276
initial_prefix,add_att,692,66.76300578034682
initial_prefix,add_obj,2062,69.25315227934044
initial_prefix,replace_att,788,82.10659898477158
initial_prefix,replace_obj,1652,89.76997578692493
initial_prefix,replace_rel,1406,70.9103840682788
initial_prefix,swap_att,666,63.96396396396396
initial_prefix,swap_obj,245,61.63265306122449
IS,full,7511,74.0513912927706
IS,add_att,692,61.5606936416185
IS,add_obj,2062,73.47235693501455
IS,replace_att,788,79.56852791878173
IS,replace_obj,1652,90.37530266343826
IS,replace_rel,1406,65.5049786628734
IS,swap_att,666,62.46246246246246
IS,swap_obj,245,66.93877551020408
