bank,comparison,metric,mean,sample_sd,per_seed,n_items,n_source_clusters,independent_fits,ci95_low,ci95_high,item_ci95_low,item_ci95_high,official_metric,category
test_seen_standard,frozen,attack_pairwise,20.556640625,,[20.556640625],1024,1024,1.0,18.603515625,22.55859375,18.603515625,22.55859375,,
test_seen_standard,frozen,clean_pairwise,99.21875,,[99.21875],1024,1024,1.0,98.779296875,99.609375,98.779296875,99.609375,,
test_seen_standard,frozen,blank_pairwise,99.21875,,[99.21875],1024,1024,1.0,98.828125,99.560546875,98.828125,99.560546875,,
test_seen_standard,frozen,attack_top1,19.921875,,[19.921875],1024,1024,1.0,17.96875,21.875,17.96875,21.875,,
test_seen_standard,frozen,clean_top1,81.93359375,,[81.93359375],1024,1024,1.0,79.58984375,84.27734375,79.58984375,84.27734375,,
test_seen_standard,frozen,interaction_abs,0.15425452641648008,,[0.15425452641648008],1024,1024,1.0,0.15232018772458106,0.15620848927519546,0.15232018772458106,0.15620848927519546,,
test_seen_standard,frozen,retained_repair,0.0,,[0.0],1024,1024,1.0,0.0,0.0,0.0,0.0,,
test_seen_standard,frozen,break_rate,0.0,,[0.0],1024,1024,1.0,0.0,0.0,0.0,0.0,,
test_seen_standard,frozen,occlusion_flip_rate,0.244140625,,[0.244140625],1024,1024,1.0,0.048828125,0.48828125,0.048828125,0.48828125,,
test_seen_standard,frozen,word_flip_rate,78.662109375,,[78.662109375],1024,1024,1.0,76.708984375,80.615234375,76.708984375,80.615234375,,
test_seen_standard,ranking,attack_pairwise,44.807942708333336,0.6979746628382671,"[44.970703125, 44.04296875, 45.41015625]",1024,1024,3.0,42.333984375,47.20092773437499,42.447916666666664,47.102864583333336,,
test_seen_standard,ranking,clean_pairwise,99.365234375,0.08457279333832408,"[99.4140625, 99.4140625, 99.267578125]",1024,1024,3.0,98.99088541666666,99.67447916666666,99.0234375,99.67447916666667,,
test_seen_standard,ranking,blank_pairwise,99.39778645833333,0.07458619295175521,"[99.4140625, 99.462890625, 99.31640625]",1024,1024,3.0,99.05598958333333,99.70703124999999,99.072265625,99.69075520833333,,
test_seen_standard,ranking,attack_top1,42.87109375,0.5940197783494355,"[42.578125, 42.48046875, 43.5546875]",1024,1024,3.0,40.4296875,45.3125,40.462239583333336,45.231119791666664,,
test_seen_standard,ranking,clean_top1,82.38932291666667,0.49152567937960606,"[81.93359375, 82.91015625, 82.32421875]",1024,1024,3.0,80.04557291666666,84.66796875,80.11067708333333,84.5703125,,
test_seen_standard,ranking,interaction_abs,0.10653939238424452,0.00023218251858209265,"[0.10643613855427247, 0.10680529180535814, 0.10637674679310294]",1024,1024,3.0,0.10520343231319201,0.10791897553820794,0.10519694168727559,0.1078980158307786,,
test_seen_standard,ranking,retained_repair,31.3883716118353,0.9742402124554997,"[31.719428926132835, 30.291744258224703, 32.15394165114836]",1024,1024,3.0,28.910470995833137,33.83288166523316,29.140850888062786,33.606393826814475,,
test_seen_standard,ranking,break_rate,2.137767220902613,0.47505938242280277,"[2.6128266033254155, 1.66270783847981, 2.137767220902613]",1024,1024,3.0,0.966183574879227,3.513273267053297,1.0653650729698272,3.3580364914445617,,
test_seen_standard,ranking,occlusion_flip_rate,0.09765625,0.048828125,"[0.146484375, 0.09765625, 0.048828125]",1024,1024,3.0,0.0,0.22786458333333331,0.016276041666666668,0.1953125,,
test_seen_standard,ranking,word_flip_rate,54.58984375,0.7673942209717632,"[54.443359375, 55.419921875, 53.90625]",1024,1024,3.0,52.1484375,57.08007812499999,52.310791015625,56.917317708333336,,
test_seen_standard,IS,attack_pairwise,63.736979166666664,1.7587164920885545,"[65.52734375, 62.01171875, 63.671875]",1024,1024,3.0,60.9375,66.61783854166666,61.474609375,65.98307291666667,,
test_seen_standard,IS,clean_pairwise,99.39778645833333,0.12288141984490153,"[99.4140625, 99.51171875, 99.267578125]",1024,1024,3.0,99.0234375,99.70703125,99.072265625,99.69075520833333,,
test_seen_standard,IS,blank_pairwise,99.33268229166667,0.05638186222554939,"[99.365234375, 99.365234375, 99.267578125]",1024,1024,3.0,98.974609375,99.65820312499999,98.99088541666667,99.64192708333333,,
test_seen_standard,IS,attack_top1,56.982421875,1.8917354128721207,"[58.984375, 55.224609375, 56.73828125]",1024,1024,3.0,53.98763020833333,60.026041666666664,54.622395833333336,59.358723958333336,,
test_seen_standard,IS,clean_top1,79.26432291666667,1.1813312051838578,"[79.6875, 80.17578125, 77.9296875]",1024,1024,3.0,76.66015625,81.77083333333333,76.98567708333333,81.54296875,,
test_seen_standard,IS,interaction_abs,0.062059322986897314,0.0006825842261341897,"[0.06128834737683064, 0.0625866511327331, 0.0623029704511282]",1024,1024,3.0,0.06098744155369786,0.06311043729859496,0.061219527028333685,0.06290629863266682,,
test_seen_standard,IS,retained_repair,55.82453962342231,2.5490371907651626,"[58.28677839851024, 53.1967721911856, 55.99006828057107]",1024,1024,3.0,52.48872663765915,59.341816544631634,53.426781898218536,58.354650241031756,,
test_seen_standard,IS,break_rate,3.5629453681710217,1.444836705534019,"[4.275534441805226, 1.9002375296912113, 4.513064133016627]",1024,1024,3.0,1.6989262794141844,5.72139303482587,2.261306532663317,4.980032278647299,,
test_seen_standard,IS,occlusion_flip_rate,0.1953125,0.048828125,"[0.244140625, 0.1953125, 0.146484375]",1024,1024,3.0,0.048828125,0.3743489583333333,0.08138020833333333,0.341796875,,
test_seen_standard,IS,word_flip_rate,35.595703125,1.7578125,"[33.837890625, 37.353515625, 35.595703125]",1024,1024,3.0,32.763671875,38.36263020833333,33.414306640625,37.74454752604166,,
test_seen_standard,IS - frozen,attack_pairwise,43.180338541666664,1.7587164920885545,"[44.970703125, 41.455078125, 43.115234375]",1024,1024,,40.478515625,46.02864583333333,41.048177083333336,45.49153645833333,,
test_seen_standard,IS - frozen,clean_pairwise,0.17903645833333334,0.12288141984490153,"[0.1953125, 0.29296875, 0.048828125]",1024,1024,,-0.146484375,0.5208333333333286,-0.1139322916666714,0.5045572916666714,,
test_seen_standard,IS - frozen,blank_pairwise,0.11393229166666667,0.05638186222554939,"[0.146484375, 0.146484375, 0.048828125]",1024,1024,,-0.1627604166666714,0.4069010416666572,-0.146484375,0.390625,,
test_seen_standard,IS - frozen,attack_top1,37.060546875,1.8917354128721207,"[39.0625, 35.302734375, 36.81640625]",1024,1024,,34.244384765625,40.03906249999999,34.814453125,39.339192708333336,,
test_seen_standard,IS - frozen,clean_top1,-2.6692708333333335,1.1813312051838578,"[-2.24609375, -1.7578125, -4.00390625]",1024,1024,,-4.78515625,-0.6510416666666714,-4.329427083333329,-1.1059570312500073,,
test_seen_standard,IS - frozen,interaction_abs,-0.09219520342958276,0.0006825842261341897,"[-0.09296617903964943, -0.09166787528374698, -0.09195155596535187]",1024,1024,,-0.09366166482532208,-0.09077977710585401,-0.09349954193849044,-0.09092062532999991,,
test_seen_standard,IS - frozen,retained_repair,55.82453962342231,2.5490371907651626,"[58.28677839851024, 53.1967721911856, 55.99006828057107]",1024,1024,,52.48872663765915,59.341816544631634,53.426781898218536,58.354650241031756,,
test_seen_standard,IS - frozen,break_rate,3.5629453681710217,1.444836705534019,"[4.275534441805226, 1.9002375296912113, 4.513064133016627]",1024,1024,,1.6989262794141844,5.72139303482587,2.261306532663317,4.980032278647299,,
test_seen_standard,IS - frozen,occlusion_flip_rate,-0.048828125,0.048828125,"[0.0, -0.048828125, -0.09765625]",1024,1024,,-0.27669270833333337,0.17903645833333326,-0.26041666666666663,0.146484375,,
test_seen_standard,IS - frozen,word_flip_rate,-43.06640625,1.7578125,"[-44.82421875, -41.30859375, -43.06640625]",1024,1024,,-45.930989583333336,-40.364583333333336,-45.393880208333336,-40.901692708333336,,
test_seen_standard,IS - ranking,attack_pairwise,18.929036458333332,1.417137666083349,"[20.556640625, 17.96875, 18.26171875]",1024,1024,,16.796468098958325,21.27278645833333,17.39908854166667,20.557047526041668,,
test_seen_standard,IS - ranking,clean_pairwise,0.032552083333333336,0.05638186222554939,"[0.0, 0.09765625, 0.0]",1024,1024,,-0.1790364583333286,0.2278645833333428,-0.1302083333333286,0.1953125,,
test_seen_standard,IS - ranking,blank_pairwise,-0.06510416666666667,0.028190931112774695,"[-0.048828125, -0.09765625, -0.048828125]",1024,1024,,-0.2766927083333286,0.146484375,-0.244140625,0.1139322916666714,,
test_seen_standard,IS - ranking,attack_top1,14.111328125,1.9995698466253193,"[16.40625, 12.744140625, 13.18359375]",1024,1024,,11.669921875,16.796875,12.581380208333336,15.72265625,,
test_seen_standard,IS - ranking,clean_top1,-3.125,1.12622681588582,"[-2.24609375, -2.734375, -4.39453125]",1024,1024,,-4.78515625,-1.3671875,-4.329427083333329,-1.953125,,
test_seen_standard,IS - ranking,interaction_abs,-0.0444800693973472,0.0005827827213320974,"[-0.04514779117744183, -0.04421864067262504, -0.044073776341974735]",1024,1024,,-0.04534640979051498,-0.04369459542040202,-0.04509088528748179,-0.04385946882948701,,
test_seen_standard,IS - ranking,retained_repair,24.43616801158701,1.9034671023557919,"[26.56734947237741, 22.9050279329609, 23.836126629422715]",1024,1024,,21.723261972521254,27.265256867026768,22.598293111637986,26.314862320756426,,
test_seen_standard,IS - ranking,break_rate,1.4251781472684086,1.088497789775734,"[1.6627078384798102, 0.23752969121140133, 2.375296912114014]",1024,1024,,-0.3453016970458832,3.4428794992175273,0.0,2.803757039300263,,
test_seen_standard,IS - ranking,occlusion_flip_rate,0.09765625,0.0,"[0.09765625, 0.09765625, 0.09765625]",1024,1024,,-0.048828125,0.26041666666666663,0.0,0.21158854166666669,,
test_seen_standard,IS - ranking,word_flip_rate,-18.994140625,1.4007801062286185,"[-20.60546875, -18.06640625, -18.310546875]",1024,1024,,-21.289469401041668,-16.845703125,-20.63802083333333,-17.447916666666664,,
test_heldout_standard,frozen,attack_pairwise,27.79605263157895,,[27.79605263157895],1216,1216,1.0,25.74013157894737,29.97532894736842,25.74013157894737,29.97532894736842,,
test_heldout_standard,frozen,clean_pairwise,99.21875,,[99.21875],1216,1216,1.0,98.80756578947368,99.58881578947368,98.80756578947368,99.58881578947368,,
test_heldout_standard,frozen,blank_pairwise,99.09539473684211,,[99.09539473684211],1216,1216,1.0,98.6842105263158,99.4654605263158,98.6842105263158,99.4654605263158,,
test_heldout_standard,frozen,attack_top1,27.34375,,[27.34375],1216,1216,1.0,25.28782894736842,29.44078947368421,25.28782894736842,29.44078947368421,,
test_heldout_standard,frozen,clean_top1,86.51315789473684,,[86.51315789473684],1216,1216,1.0,84.53947368421052,88.40460526315789,84.53947368421052,88.40460526315789,,
test_heldout_standard,frozen,interaction_abs,0.1426666381915933,,[0.1426666381915933],1216,1216,1.0,0.14108598145034384,0.14425397594122363,0.14108598145034384,0.14425397594122363,,
test_heldout_standard,frozen,retained_repair,0.0,,[0.0],1216,1216,1.0,0.0,0.0,0.0,0.0,,
test_heldout_standard,frozen,break_rate,0.0,,[0.0],1216,1216,1.0,0.0,0.0,0.0,0.0,,
test_heldout_standard,frozen,occlusion_flip_rate,0.16447368421052633,,[0.16447368421052633],1216,1216,1.0,0.04111842105263158,0.32894736842105265,0.04111842105263158,0.32894736842105265,,
test_heldout_standard,frozen,word_flip_rate,71.29934210526316,,[71.29934210526316],1216,1216,1.0,69.20230263157895,73.35526315789474,69.20230263157895,73.35526315789474,,
test_heldout_standard,ranking,attack_pairwise,46.83388157894736,0.784489474849462,"[45.92927631578947, 47.327302631578945, 47.245065789473685]",1216,1216,3.0,44.5446134868421,49.17763157894737,44.65460526315789,49.08168859649123,,
test_heldout_standard,ranking,clean_pairwise,99.4654605263158,0.0,"[99.4654605263158, 99.4654605263158, 99.4654605263158]",1216,1216,3.0,99.13651315789474,99.7532894736842,99.13651315789474,99.7532894736842,,
test_heldout_standard,ranking,blank_pairwise,99.34210526315788,0.04111842105263008,"[99.38322368421052, 99.34210526315789, 99.30098684210526]",1216,1216,3.0,99.01315789473682,99.64364035087719,99.01315789473684,99.62993421052632,,
test_heldout_standard,ranking,attack_top1,45.75109649122806,0.8113294181441211,"[44.81907894736842, 46.13486842105263, 46.29934210526316]",1216,1216,3.0,43.43475877192982,48.1359649122807,43.55811403508772,47.99924616228069,,
test_heldout_standard,ranking,clean_top1,87.80153508771929,0.23739731463389172,"[88.07565789473684, 87.66447368421052, 87.66447368421052]",1216,1216,3.0,85.9375,89.55592105263158,85.9923245614035,89.52850877192982,,
test_heldout_standard,ranking,interaction_abs,0.10637137179340546,0.0011939955596054022,"[0.1077444150149332, 0.10557673158932869, 0.1057929687759545]",1216,1216,3.0,0.10472962337749267,0.10806701156923959,0.1051105364088455,0.10762436230153279,,
test_heldout_standard,ranking,retained_repair,27.50865051903114,1.1227175509764586,"[26.239907727797, 27.912341407151096, 28.37370242214533]",1216,1216,3.0,25.235158891142664,29.91204896085681,25.51422861190621,29.550883278246257,,
test_heldout_standard,ranking,break_rate,2.0710059171597632,0.7396449704142012,"[2.0710059171597632, 1.331360946745562, 2.8106508875739644]",1216,1216,3.0,1.0509652509652512,3.3243255437200423,1.278261566154919,2.954226977953693,,
test_heldout_standard,ranking,occlusion_flip_rate,0.19188596491228072,0.047479462926778425,"[0.16447368421052633, 0.16447368421052633, 0.24671052631578946]",1216,1216,3.0,0.04111842105263158,0.3837719298245614,0.054824561403508776,0.356359649122807,,
test_heldout_standard,ranking,word_flip_rate,52.50822368421053,0.8192787354100042,"[53.453947368421055, 52.014802631578945, 52.05592105263158]",1216,1216,3.0,50.16378837719298,54.838267543859644,50.32894736842105,54.64638157894737,,
test_heldout_standard,IS,attack_pairwise,55.79769736842105,2.400766542268912,"[58.4703947368421, 55.098684210526315, 53.82401315789474]",1216,1216,3.0,52.86458333333333,58.922697368421055,53.86513157894737,57.716557017543856,,
test_heldout_standard,IS,clean_pairwise,99.19133771929825,0.06280942564358105,"[99.25986842105263, 99.13651315789474, 99.17763157894737]",1216,1216,3.0,98.82127192982455,99.5202850877193,98.84868421052632,99.50657894736842,,
test_heldout_standard,IS,blank_pairwise,98.86239035087719,0.08559481905699248,"[98.93092105263158, 98.76644736842105, 98.88980263157895]",1216,1216,3.0,98.41008771929825,99.25986842105263,98.45120614035086,99.23245614035089,,
test_heldout_standard,IS,attack_top1,52.700109649122815,2.404753944871754,"[55.26315789473684, 52.34375, 50.49342105263158]",1216,1216,3.0,49.79440789473684,55.87993421052631,50.74013157894737,54.68784265350877,,
test_heldout_standard,IS,clean_top1,83.79934210526316,0.7121919439016834,"[84.6217105263158, 83.38815789473684, 83.38815789473684]",1216,1216,3.0,81.74342105263158,85.85526315789474,81.9078947368421,85.6907894736842,,
test_heldout_standard,IS,interaction_abs,0.07045701448295037,0.002005480224359542,"[0.06994496166436492, 0.07266887891302376, 0.06875720287146243]",1216,1216,3.0,0.0685854777359565,0.07267900845349926,0.0695245452574199,0.07136385652242766,,
test_heldout_standard,IS,retained_repair,44.117647058823536,1.9835505792295054,"[46.251441753171854, 43.77162629757785, 42.32987312572088]",1216,1216,3.0,41.14784874123505,47.15833105959594,41.90808345593836,46.26978678580509,,
test_heldout_standard,IS,break_rate,12.524654832347139,3.699210913907505,"[8.284023668639053, 14.201183431952662, 15.088757396449704]",1216,1216,3.0,8.467153284671532,16.36185594335023,10.623100389237822,14.47985577209607,,
test_heldout_standard,IS,occlusion_flip_rate,0.38377192982456143,0.10347909039570653,"[0.37006578947368424, 0.4934210526315789, 0.2878289473684211]",1216,1216,3.0,0.16447368421052633,0.6578947368421051,0.20559210526315788,0.6030701754385964,,
test_heldout_standard,IS,word_flip_rate,43.064692982456144,2.3611188906413236,"[40.46052631578947, 43.66776315789474, 45.06578947368421]",1216,1216,3.0,40.035635964912274,45.94298245614035,41.15953947368421,44.94243421052632,,
test_heldout_standard,IS - frozen,attack_pairwise,28.001644736842106,2.400766542268912,"[30.674342105263154, 27.302631578947366, 26.02796052631579]",1216,1216,,24.91776315789474,31.167763157894736,25.97313596491228,30.071271929824555,,
test_heldout_standard,IS - frozen,clean_pairwise,-0.02741228070175339,0.06280942564358105,"[0.04111842105263008, -0.08223684210526017, -0.04111842105263008]",1216,1216,,-0.3563596491228225,0.3152412280701501,-0.32894736842104066,0.2741228070175481,,
test_heldout_standard,IS - frozen,blank_pairwise,-0.23300438596491801,0.08559481905699248,"[-0.16447368421053454, -0.3289473684210549, -0.20559210526316463]",1216,1216,,-0.6167763157894797,0.13706140350875273,-0.5756578947368354,0.09594298245613722,,
test_heldout_standard,IS - frozen,attack_top1,25.35635964912281,2.404753944871754,"[27.919407894736842, 25.0, 23.149671052631582]",1216,1216,,22.258429276315784,28.536184210526315,23.341557017543856,27.43969298245614,,
test_heldout_standard,IS - frozen,clean_top1,-2.71381578947368,0.7121919439016834,"[-1.8914473684210407, -3.125, -3.125]",1216,1216,,-4.358552631578959,-1.1239035087719316,-4.111842105263165,-1.315789473684219,,
test_heldout_standard,IS - frozen,interaction_abs,-0.07220962370864294,0.002005480224359542,"[-0.07272167652722838, -0.06999775927856955, -0.07390943532013088]",1216,1216,,-0.0742363560879695,-0.0699852023957391,-0.0732517465549519,-0.07114530069873007,,
test_heldout_standard,IS - frozen,retained_repair,44.117647058823536,1.9835505792295054,"[46.251441753171854, 43.77162629757785, 42.32987312572088]",1216,1216,,41.14784874123505,47.15833105959594,41.90808345593836,46.26978678580509,,
test_heldout_standard,IS - frozen,break_rate,12.524654832347139,3.699210913907505,"[8.284023668639053, 14.201183431952662, 15.088757396449704]",1216,1216,,8.467153284671532,16.36185594335023,10.623100389237822,14.47985577209607,,
test_heldout_standard,IS - frozen,occlusion_flip_rate,0.2192982456140351,0.10347909039570653,"[0.2055921052631579, 0.3289473684210526, 0.12335526315789475]",1216,1216,,0.013706140350877166,0.45230263157894735,0.05482456140350875,0.3974780701754386,,
test_heldout_standard,IS - frozen,word_flip_rate,-28.234649122807024,2.3611188906413236,"[-30.838815789473692, -27.631578947368425, -26.233552631578952]",1216,1216,,-31.345942982456137,-25.205592105263158,-30.304276315789473,-26.2195038377193,,
test_heldout_standard,IS - ranking,attack_pairwise,8.963815789473685,3.154884375858268,"[12.54111842105263, 7.77138157894737, 6.578947368421055]",1216,1216,,5.756578947368418,12.52775493421052,7.319078947368432,10.526315789473678,,
test_heldout_standard,IS - ranking,clean_pairwise,-0.2741228070175481,0.06280942564358105,"[-0.20559210526316463, -0.3289473684210549, -0.2878289473684248]",1216,1216,,-0.520833333333357,-0.04111842105263008,-0.4797149122806985,-0.08223684210528859,,
test_heldout_standard,IS - ranking,blank_pairwise,-0.4797149122806985,0.08559481905699247,"[-0.4523026315789451, -0.5756578947368354, -0.41118421052631504]",1216,1216,,-0.7949561403508767,-0.21929824561404096,-0.7264254385964932,-0.2604166666666714,,
test_heldout_standard,IS - ranking,attack_top1,6.94901315789474,3.1900581602247233,"[10.444078947368425, 6.20888157894737, 4.194078947368425]",1216,1216,,3.618421052631575,10.526315789473685,5.34539473684211,8.497807017543863,,
test_heldout_standard,IS - ranking,clean_top1,-4.002192982456137,0.4747946292677917,"[-3.4539473684210407, -4.276315789473685, -4.276315789473685]",1216,1216,,-5.455043859649123,-2.6315789473684106,-5.235745614035096,-2.8234649122807127,,
test_heldout_standard,IS - ranking,interaction_abs,-0.03591435731045509,0.002631559844502571,"[-0.03779945335056828, -0.03290785267630493, -0.03703576590449206]",1216,1216,,-0.03795124053262712,-0.03303834998905107,-0.036491012751362725,-0.03536305340934185,,
test_heldout_standard,IS - ranking,retained_repair,16.608996539792386,3.0965152845810353,"[20.011534025374853, 15.859284890426757, 13.956170703575552]",1216,1216,,13.035921205098497,20.37683185812015,14.707457033226827,18.484042836958526,,
test_heldout_standard,IS - ranking,break_rate,10.453648915187378,3.684392276769752,"[6.21301775147929, 12.8698224852071, 12.27810650887574]",1216,1216,,6.451571290655481,14.258872895558445,8.65864240864241,12.273009040001874,,
test_heldout_standard,IS - ranking,occlusion_flip_rate,0.19188596491228072,0.1444031490248456,"[0.2055921052631579, 0.3289473684210526, 0.04111842105263161]",1216,1216,,-2.7755575615628914e-17,0.43859649122807015,0.06853070175438597,0.32894736842105265,,
test_heldout_standard,IS - ranking,word_flip_rate,-9.443530701754385,3.1482679184176905,"[-12.993421052631582, -8.347039473684205, -6.99013157894737]",1216,1216,,-12.993421052631582,-6.167763157894733,-11.020079495614032,-7.826206140350877,,
test_seen_serif,frozen,attack_pairwise,18.212890625,,[18.212890625],1024,1024,1.0,16.30859375,20.166015625,16.30859375,20.166015625,,
test_seen_serif,frozen,clean_pairwise,99.21875,,[99.21875],1024,1024,1.0,98.779296875,99.609375,98.779296875,99.609375,,
test_seen_serif,frozen,blank_pairwise,99.21875,,[99.21875],1024,1024,1.0,98.828125,99.560546875,98.828125,99.560546875,,
test_seen_serif,frozen,attack_top1,17.724609375,,[17.724609375],1024,1024,1.0,15.869140625,19.62890625,15.869140625,19.62890625,,
test_seen_serif,frozen,clean_top1,81.93359375,,[81.93359375],1024,1024,1.0,79.58984375,84.27734375,79.58984375,84.27734375,,
test_seen_serif,frozen,interaction_abs,0.15684276277170284,,[0.15684276277170284],1024,1024,1.0,0.15488144291957723,0.1588565082020068,0.15488144291957723,0.1588565082020068,,
test_seen_serif,frozen,retained_repair,0.0,,[0.0],1024,1024,1.0,0.0,0.0,0.0,0.0,,
test_seen_serif,frozen,break_rate,0.0,,[0.0],1024,1024,1.0,0.0,0.0,0.0,0.0,,
test_seen_serif,frozen,occlusion_flip_rate,0.244140625,,[0.244140625],1024,1024,1.0,0.048828125,0.48828125,0.048828125,0.48828125,,
test_seen_serif,frozen,word_flip_rate,81.005859375,,[81.005859375],1024,1024,1.0,79.1015625,82.91015625,79.1015625,82.91015625,,
test_seen_serif,ranking,attack_pairwise,41.634114583333336,0.7198354292804682,"[42.1875, 40.8203125, 41.89453125]",1024,1024,3.0,39.19270833333333,44.01082356770832,39.290364583333336,43.912760416666664,,
test_seen_serif,ranking,clean_pairwise,99.365234375,0.08457279333832408,"[99.4140625, 99.4140625, 99.267578125]",1024,1024,3.0,98.99088541666666,99.67447916666666,99.0234375,99.67447916666667,,
test_seen_serif,ranking,blank_pairwise,99.39778645833333,0.07458619295175521,"[99.4140625, 99.462890625, 99.31640625]",1024,1024,3.0,99.05598958333333,99.70703124999999,99.072265625,99.69075520833333,,
test_seen_serif,ranking,attack_top1,39.957682291666664,0.31392092320940607,"[40.185546875, 39.599609375, 40.087890625]",1024,1024,3.0,37.548421223958336,42.28515625,37.565104166666664,42.236328125,,
test_seen_serif,ranking,clean_top1,82.38932291666667,0.49152567937960606,"[81.93359375, 82.91015625, 82.32421875]",1024,1024,3.0,80.04557291666666,84.66796875,80.11067708333333,84.5703125,,
test_seen_serif,ranking,interaction_abs,0.10784921160302474,0.0001489268068340707,"[0.10774712648708373, 0.10802010058614542, 0.10778040773584507]",1024,1024,3.0,0.10647815721264729,0.1092615898510303,0.10650134858057451,0.10924396125210478,,
test_seen_serif,ranking,retained_repair,29.716696805304405,0.8286755325417425,"[30.440024110910187, 28.812537673297168, 29.897528631705846]",1024,1024,3.0,27.359608609118663,32.05355473500692,27.55716004813478,31.94708740961255,,
test_seen_serif,ranking,break_rate,3.5746201966041107,0.558087399320679,"[3.753351206434316, 4.021447721179625, 2.9490616621983916]",1024,1024,3.0,1.9656862745098038,5.447874131046819,2.0892622868099706,5.221963109256408,,
test_seen_serif,ranking,occlusion_flip_rate,0.09765625,0.048828125,"[0.146484375, 0.09765625, 0.048828125]",1024,1024,3.0,0.0,0.22786458333333331,0.016276041666666668,0.1953125,,
test_seen_serif,ranking,word_flip_rate,57.763671875,0.7673942209717632,"[57.2265625, 58.642578125, 57.421875]",1024,1024,3.0,55.387369791666664,60.189208984374986,55.485026041666664,60.091145833333336,,
test_seen_serif,IS,attack_pairwise,61.295572916666664,1.100891052935277,"[62.353515625, 60.15625, 61.376953125]",1024,1024,3.0,58.77278645833333,63.88346354166666,59.08203125,63.57421875,,
test_seen_serif,IS,clean_pairwise,99.39778645833333,0.12288141984490153,"[99.4140625, 99.51171875, 99.267578125]",1024,1024,3.0,99.0234375,99.70703125,99.072265625,99.69075520833333,,
test_seen_serif,IS,blank_pairwise,99.33268229166667,0.05638186222554939,"[99.365234375, 99.365234375, 99.267578125]",1024,1024,3.0,98.974609375,99.65820312499999,98.99088541666667,99.64192708333333,,
test_seen_serif,IS,attack_top1,55.257161458333336,1.2698442122258808,"[56.54296875, 54.00390625, 55.224609375]",1024,1024,3.0,52.53865559895833,58.04036458333333,52.929280598958336,57.65014648437499,,
test_seen_serif,IS,clean_top1,79.26432291666667,1.1813312051838578,"[79.6875, 80.17578125, 77.9296875]",1024,1024,3.0,76.66015625,81.77083333333333,76.98567708333333,81.54296875,,
test_seen_serif,IS,interaction_abs,0.06302997941020294,0.0008141230729304957,"[0.062094343491480686, 0.06357676222614828, 0.06341883251297986]",1024,1024,3.0,0.06185760176689048,0.06413335126717357,0.06219513312971685,0.06388188914864562,,
test_seen_serif,IS,retained_repair,54.37010247136829,1.5982005525693623,"[55.75647980711272, 52.622061482820975, 54.73176612417119]",1024,1024,3.0,51.49677424403304,57.30627524438656,51.960725537217286,56.820565459709385,,
test_seen_serif,IS,break_rate,5.272564789991063,1.375764460977717,"[5.630026809651475, 3.753351206434316, 6.434316353887399]",1024,1024,3.0,3.0386678614982787,7.777944111776445,3.4418889137905273,7.13588812329961,,
test_seen_serif,IS,occlusion_flip_rate,0.1953125,0.048828125,"[0.244140625, 0.1953125, 0.146484375]",1024,1024,3.0,0.048828125,0.3743489583333333,0.08138020833333333,0.341796875,,
test_seen_serif,IS,word_flip_rate,38.037109375,1.1059327786041138,"[37.01171875, 39.208984375, 37.890625]",1024,1024,3.0,35.48177083333333,40.56030273437499,35.807291666666664,40.20222981770833,,
test_seen_serif,IS - frozen,attack_pairwise,43.082682291666664,1.100891052935277,"[44.140625, 41.943359375, 43.1640625]",1024,1024,,40.608317057291664,45.67097981770832,40.885416666666664,45.31331380208332,,
test_seen_serif,IS - frozen,clean_pairwise,0.17903645833333334,0.12288141984490153,"[0.1953125, 0.29296875, 0.048828125]",1024,1024,,-0.146484375,0.5208333333333286,-0.1139322916666714,0.5045572916666714,,
test_seen_serif,IS - frozen,blank_pairwise,0.11393229166666667,0.05638186222554939,"[0.146484375, 0.146484375, 0.048828125]",1024,1024,,-0.1627604166666714,0.4069010416666572,-0.146484375,0.390625,,
test_seen_serif,IS - frozen,attack_top1,37.532552083333336,1.2698442122258808,"[38.818359375, 36.279296875, 37.5]",1024,1024,,34.928385416666664,40.20182291666666,35.269775390625,39.77905273437499,,
test_seen_serif,IS - frozen,clean_top1,-2.6692708333333335,1.1813312051838578,"[-2.24609375, -1.7578125, -4.00390625]",1024,1024,,-4.78515625,-0.6510416666666714,-4.329427083333329,-1.1059570312500073,,
test_seen_serif,IS - frozen,interaction_abs,-0.0938127833614999,0.0008141230729304957,"[-0.09474841928022215, -0.09326600054555456, -0.09342393025872298]",1024,1024,,-0.09534537881436336,-0.09234944592744797,-0.09513359575724582,-0.0925160757170488,,
test_seen_serif,IS - frozen,retained_repair,54.37010247136829,1.5982005525693623,"[55.75647980711272, 52.622061482820975, 54.73176612417119]",1024,1024,,51.49677424403304,57.30627524438656,51.960725537217286,56.820565459709385,,
test_seen_serif,IS - frozen,break_rate,5.272564789991063,1.375764460977717,"[5.630026809651475, 3.753351206434316, 6.434316353887399]",1024,1024,,3.0386678614982787,7.777944111776445,3.4418889137905273,7.13588812329961,,
test_seen_serif,IS - frozen,occlusion_flip_rate,-0.048828125,0.048828125,"[0.0, -0.048828125, -0.09765625]",1024,1024,,-0.27669270833333337,0.17903645833333326,-0.26041666666666663,0.146484375,,
test_seen_serif,IS - frozen,word_flip_rate,-42.96875,1.1059327786041138,"[-43.994140625, -41.796875, -43.115234375]",1024,1024,,-45.540364583333336,-40.4296875,-45.247395833333336,-40.755208333333336,,
test_seen_serif,IS - ranking,attack_pairwise,19.661458333333332,0.44305526005261064,"[20.166015625, 19.3359375, 19.482421875]",1024,1024,,17.903645833333336,21.533203125,18.098958333333336,21.272786458333336,,
test_seen_serif,IS - ranking,clean_pairwise,0.032552083333333336,0.05638186222554939,"[0.0, 0.09765625, 0.0]",1024,1024,,-0.1790364583333286,0.2278645833333428,-0.1302083333333286,0.1953125,,
test_seen_serif,IS - ranking,blank_pairwise,-0.06510416666666667,0.028190931112774695,"[-0.048828125, -0.09765625, -0.048828125]",1024,1024,,-0.2766927083333286,0.146484375,-0.244140625,0.1139322916666714,,
test_seen_serif,IS - ranking,attack_top1,15.299479166666666,0.9866825889471144,"[16.357421875, 14.404296875, 15.13671875]",1024,1024,,13.330078125,17.350667317708325,13.769124348958334,16.845703125,,
test_seen_serif,IS - ranking,clean_top1,-3.125,1.12622681588582,"[-2.24609375, -2.734375, -4.39453125]",1024,1024,,-4.78515625,-1.3671875,-4.329427083333329,-1.953125,,
test_seen_serif,IS - ranking,interaction_abs,-0.0448192321928218,0.0007230328542060583,"[-0.04565278299560305, -0.04444333835999714, -0.04436157522286521]",1024,1024,,-0.045785691057638675,-0.043943757072611334,-0.04544290429973141,-0.04419574642900746,,
test_seen_serif,IS - ranking,retained_repair,24.65340566606389,0.7695687362750894,"[25.31645569620253, 23.809523809523807, 24.83423749246534]",1024,1024,,22.5159416160081,26.811145510835914,22.854820326358286,26.50143554960004,,
test_seen_serif,IS - ranking,break_rate,1.6979445933869526,1.8830480344687648,"[1.8766756032171585, -0.2680965147453085, 3.4852546916890077]",1024,1024,,-0.8721565868872464,4.27152473597936,0.09361988157261525,3.249773676880223,,
test_seen_serif,IS - ranking,occlusion_flip_rate,0.09765625,0.0,"[0.09765625, 0.09765625, 0.09765625]",1024,1024,,-0.048828125,0.26041666666666663,0.0,0.21158854166666669,,
test_seen_serif,IS - ranking,word_flip_rate,-19.7265625,0.4256737249551439,"[-20.21484375, -19.43359375, -19.53125]",1024,1024,,-21.598307291666664,-17.96875,-21.338297526041668,-18.147786458333336,,
test_seen_top,frozen,attack_pairwise,18.26171875,,[18.26171875],1024,1024,1.0,16.357421875,20.166015625,16.357421875,20.166015625,,
test_seen_top,frozen,clean_pairwise,99.21875,,[99.21875],1024,1024,1.0,98.779296875,99.609375,98.779296875,99.609375,,
test_seen_top,frozen,blank_pairwise,99.12109375,,[99.12109375],1024,1024,1.0,98.681640625,99.51171875,98.681640625,99.51171875,,
test_seen_top,frozen,attack_top1,17.48046875,,[17.48046875],1024,1024,1.0,15.625,19.3359375,15.625,19.3359375,,
test_seen_top,frozen,clean_top1,81.93359375,,[81.93359375],1024,1024,1.0,79.58984375,84.27734375,79.58984375,84.27734375,,
test_seen_top,frozen,interaction_abs,0.15577994953491725,,[0.15577994953491725],1024,1024,1.0,0.15386793061697973,0.15770556511724862,0.15386793061697973,0.15770556511724862,,
test_seen_top,frozen,retained_repair,0.0,,[0.0],1024,1024,1.0,0.0,0.0,0.0,0.0,,
test_seen_top,frozen,break_rate,0.0,,[0.0],1024,1024,1.0,0.0,0.0,0.0,0.0,,
test_seen_top,frozen,occlusion_flip_rate,0.341796875,,[0.341796875],1024,1024,1.0,0.09765625,0.634765625,0.09765625,0.634765625,,
test_seen_top,frozen,word_flip_rate,80.859375,,[80.859375],1024,1024,1.0,78.955078125,82.763671875,78.955078125,82.763671875,,
test_seen_top,ranking,attack_pairwise,40.72265625,0.6000100452853764,"[40.966796875, 40.0390625, 41.162109375]",1024,1024,3.0,38.297526041666664,43.14778645833333,38.362630208333336,43.05053710937499,,
test_seen_top,ranking,clean_pairwise,99.365234375,0.08457279333832408,"[99.4140625, 99.4140625, 99.267578125]",1024,1024,3.0,98.99088541666666,99.67447916666666,99.0234375,99.67447916666667,,
test_seen_top,ranking,blank_pairwise,99.33268229166667,0.028190931112774695,"[99.31640625, 99.365234375, 99.31640625]",1024,1024,3.0,98.95833333333333,99.658203125,98.95833333333333,99.658203125,,
test_seen_top,ranking,attack_top1,38.850911458333336,0.5701262984419595,"[38.96484375, 38.232421875, 39.35546875]",1024,1024,3.0,36.442057291666664,41.29272460937499,36.5234375,41.194661458333336,,
test_seen_top,ranking,clean_top1,82.38932291666667,0.49152567937960606,"[81.93359375, 82.91015625, 82.32421875]",1024,1024,3.0,80.04557291666666,84.66796875,80.11067708333333,84.5703125,,
test_seen_top,ranking,interaction_abs,0.10750578633572634,0.00014272864618917528,"[0.1074129907101451, 0.10767013835720718, 0.10743422993982676]",1024,1024,3.0,0.10617196841085387,0.10887483022625019,0.10615921540793352,0.10884599155618466,,
test_seen_top,ranking,retained_repair,28.824476650563607,0.6972829338038958,"[29.22705314009662, 28.019323671497585, 29.22705314009662]",1024,1024,3.0,26.53989647424685,31.20102986714141,26.674637480148277,30.974222468445532,,
test_seen_top,ranking,break_rate,4.63458110516934,0.55659518702303,"[5.080213903743315, 4.81283422459893, 4.010695187165775]",1024,1024,3.0,2.785582772974703,6.830601092896174,2.8423772609819125,6.667084377610688,,
test_seen_top,ranking,occlusion_flip_rate,0.16276041666666666,0.028190931112774695,"[0.1953125, 0.146484375, 0.146484375]",1024,1024,3.0,0.03255208333333333,0.34179687499999994,0.048828125,0.3092447916666667,,
test_seen_top,ranking,word_flip_rate,58.610026041666664,0.6278418464188122,"[58.349609375, 59.326171875, 58.154296875]",1024,1024,3.0,56.201171875,61.01888020833333,56.266276041666664,60.92163085937499,,
test_seen_top,IS,attack_pairwise,60.888671875,1.6536810763550878,"[62.79296875, 59.814453125, 60.05859375]",1024,1024,3.0,58.13802083333333,63.76953125,58.642171223958336,63.13517252604166,,
test_seen_top,IS,clean_pairwise,99.39778645833333,0.12288141984490153,"[99.4140625, 99.51171875, 99.267578125]",1024,1024,3.0,99.0234375,99.70703125,99.072265625,99.69075520833333,,
test_seen_top,IS,blank_pairwise,99.365234375,0.08457279333832408,"[99.4140625, 99.4140625, 99.267578125]",1024,1024,3.0,99.0234375,99.67447916666666,99.05598958333333,99.64233398437499,,
test_seen_top,IS,attack_top1,54.280598958333336,2.0252393165114784,"[56.54296875, 52.63671875, 53.662109375]",1024,1024,3.0,51.26953125,57.373046875,51.904296875,56.640625,,
test_seen_top,IS,clean_top1,79.26432291666667,1.1813312051838578,"[79.6875, 80.17578125, 77.9296875]",1024,1024,3.0,76.66015625,81.77083333333333,76.98567708333333,81.54296875,,
test_seen_top,IS,interaction_abs,0.0626994787271542,0.0007804069071273632,"[0.06180028154631145, 0.06320024628439569, 0.06309790835075546]",1024,1024,3.0,0.06157820537606919,0.06375664918969051,0.061877674226252566,0.06353124155145147,,
test_seen_top,IS,retained_repair,53.723832528180345,2.191732300936585,"[56.21980676328502, 52.11352657004831, 52.83816425120773]",1024,1024,3.0,50.57704871987992,57.12322269184968,51.359084768659244,56.1923386593788,,
test_seen_top,IS,break_rate,4.45632798573975,1.0806021081089252,"[5.080213903743315, 3.2085561497326203, 5.080213903743315]",1024,1024,3.0,2.557319223985891,6.534226374783253,2.927289896128423,6.045503379089567,,
test_seen_top,IS,occlusion_flip_rate,0.17903645833333334,0.028190931112774695,"[0.1953125, 0.146484375, 0.1953125]",1024,1024,3.0,0.048828125,0.341796875,0.06510416666666667,0.3092447916666667,,
test_seen_top,IS,word_flip_rate,38.4765625,1.6187094193604274,"[36.62109375, 39.599609375, 39.208984375]",1024,1024,3.0,35.611572265625,41.2109375,36.23046875,40.673828125,,
test_seen_top,IS - frozen,attack_pairwise,42.626953125,1.6536810763550878,"[44.53125, 41.552734375, 41.796875]",1024,1024,,39.94099934895833,45.50781249999999,40.445963541666664,44.889322916666664,,
test_seen_top,IS - frozen,clean_pairwise,0.17903645833333334,0.12288141984490153,"[0.1953125, 0.29296875, 0.048828125]",1024,1024,,-0.146484375,0.5208333333333286,-0.1139322916666714,0.5045572916666714,,
test_seen_top,IS - frozen,blank_pairwise,0.244140625,0.08457279333832408,"[0.29296875, 0.29296875, 0.146484375]",1024,1024,,-0.08138020833334281,0.5859374999999858,-0.048828125,0.5533854166666714,,
test_seen_top,IS - frozen,attack_top1,36.800130208333336,2.0252393165114784,"[39.0625, 35.15625, 36.181640625]",1024,1024,,33.82161458333333,39.86043294270832,34.569498697916664,39.06290690104166,,
test_seen_top,IS - frozen,clean_top1,-2.6692708333333335,1.1813312051838578,"[-2.24609375, -1.7578125, -4.00390625]",1024,1024,,-4.78515625,-0.6510416666666714,-4.329427083333329,-1.1059570312500073,,
test_seen_top,IS - frozen,interaction_abs,-0.09308047080776305,0.0007804069071273632,"[-0.0939796679886058, -0.09257970325052156, -0.09268204118416179]",1024,1024,,-0.09460915731454711,-0.09161897349977154,-0.09434816010007126,-0.09180582597297568,,
test_seen_top,IS - frozen,retained_repair,53.723832528180345,2.191732300936585,"[56.21980676328502, 52.11352657004831, 52.83816425120773]",1024,1024,,50.57704871987992,57.12322269184968,51.359084768659244,56.1923386593788,,
test_seen_top,IS - frozen,break_rate,4.45632798573975,1.0806021081089252,"[5.080213903743315, 3.2085561497326203, 5.080213903743315]",1024,1024,,2.557319223985891,6.534226374783253,2.927289896128423,6.045503379089567,,
test_seen_top,IS - frozen,occlusion_flip_rate,-0.16276041666666666,0.028190931112774695,"[-0.146484375, -0.1953125, -0.146484375]",1024,1024,,-0.439453125,0.08138020833333331,-0.4235839843749999,0.06510416666666666,,
test_seen_top,IS - frozen,word_flip_rate,-42.3828125,1.6187094193604274,"[-44.23828125, -41.259765625, -41.650390625]",1024,1024,,-45.263671875,-39.66430664062501,-44.64558919270833,-40.152994791666664,,
test_seen_top,IS - ranking,attack_pairwise,20.166015625,1.5033988592129544,"[21.826171875, 19.775390625, 18.896484375]",1024,1024,,17.96875,22.542317708333336,18.603515625,21.826171875,,
test_seen_top,IS - ranking,clean_pairwise,0.032552083333333336,0.05638186222554939,"[0.0, 0.09765625, 0.0]",1024,1024,,-0.1790364583333286,0.2278645833333428,-0.1302083333333286,0.1953125,,
test_seen_top,IS - ranking,blank_pairwise,0.032552083333333336,0.07458619295175521,"[0.09765625, 0.048828125, -0.048828125]",1024,1024,,-0.1953125,0.2604166666666714,-0.146484375,0.2115885416666714,,
test_seen_top,IS - ranking,attack_top1,15.4296875,1.8612420461470622,"[17.578125, 14.404296875, 14.306640625]",1024,1024,,13.004557291666664,18.066406249999993,13.850911458333336,17.08984375,,
test_seen_top,IS - ranking,clean_top1,-3.125,1.12622681588582,"[-2.24609375, -2.734375, -4.39453125]",1024,1024,,-4.78515625,-1.3671875,-4.329427083333329,-1.953125,,
test_seen_top,IS - ranking,interaction_abs,-0.04480630760857215,0.0007015503330323262,"[-0.04561270916383364, -0.04446989207281149, -0.044336321589071304]",1024,1024,,-0.04575894922524336,-0.04395765716590176,-0.04541865727790839,-0.04417976105754254,,
test_seen_top,IS - ranking,retained_repair,24.899355877616745,1.828955988985594,"[26.992753623188403, 24.094202898550723, 23.61111111111111]",1024,1024,,22.248336211900916,27.6627409327094,23.083092543689606,26.765213342156216,,
test_seen_top,IS - ranking,break_rate,-0.17825311942959,1.345781539263948,"[0.0, -1.60427807486631, 1.06951871657754]",1024,1024,,-2.762600934976625,2.1588946459412774,-2.0609549939031155,1.56117300579882,,
test_seen_top,IS - ranking,occlusion_flip_rate,0.016276041666666668,0.028190931112774695,"[0.0, 0.0, 0.048828125]",1024,1024,,-0.146484375,0.17903645833333334,-0.11393229166666666,0.13020833333333334,,
test_seen_top,IS - ranking,word_flip_rate,-20.133463541666668,1.4355247305548258,"[-21.728515625, -19.7265625, -18.9453125]",1024,1024,,-22.47762044270834,-17.95247395833333,-21.826171875,-18.5546875,,
added_labels,frozen,attack_pairwise,10.169491525423728,,[10.169491525423728],826,826,1.0,8.535108958837773,11.803874092009686,8.535108958837773,11.803874092009686,,
added_labels,frozen,clean_pairwise,96.30750605326877,,[96.30750605326877],826,826,1.0,95.33898305084746,97.27602905569007,95.33898305084746,97.27602905569007,,
added_labels,frozen,blank_pairwise,95.58111380145279,,[95.58111380145279],826,826,1.0,94.43099273607749,96.67070217917676,94.43099273607749,96.67070217917676,,
added_labels,frozen,attack_top1,8.535108958837773,,[8.535108958837773],826,826,1.0,7.021791767554479,10.049939467312326,7.021791767554479,10.049939467312326,,
added_labels,frozen,clean_top1,42.857142857142854,,[42.857142857142854],826,826,1.0,39.46731234866828,46.246973365617436,39.46731234866828,46.246973365617436,,
added_labels,frozen,interaction_abs,0.1883027333288158,,[0.1883027333288158],826,826,1.0,0.18582869340185318,0.19082300118430007,0.18582869340185318,0.19082300118430007,,
added_labels,frozen,retained_repair,0.0,,[0.0],826,826,1.0,0.0,0.0,0.0,0.0,,
added_labels,frozen,break_rate,0.0,,[0.0],826,826,1.0,0.0,0.0,0.0,0.0,,
added_labels,frozen,occlusion_flip_rate,1.2106537530266344,,[1.2106537530266344],826,826,1.0,0.7263922518159807,1.7554479418886197,0.7263922518159807,1.7554479418886197,,
added_labels,frozen,word_flip_rate,85.41162227602905,,[85.41162227602905],826,826,1.0,83.53510895883777,87.28813559322033,83.53510895883777,87.28813559322033,,
added_labels,ranking,attack_pairwise,27.037933817594833,0.4251676252160102,"[26.634382566585955, 26.997578692493946, 27.4818401937046]",826,826,3.0,24.475383373688455,29.54045601291363,24.495560936238903,29.519774011299436,,
added_labels,ranking,clean_pairwise,97.59887005649718,0.18493041545423072,"[97.76029055690073, 97.63922518159806, 97.39709443099274]",826,826,3.0,96.79176755447942,98.30558918482646,96.83212267958031,98.28490718321227,,
added_labels,ranking,blank_pairwise,97.39709443099274,0.16015443771577415,"[97.27602905569007, 97.57869249394673, 97.3365617433414]",826,826,3.0,96.54963680387408,98.18401937046004,96.589991928975,98.1638418079096,,
added_labels,ranking,attack_top1,21.146085552865213,0.6989712702053577,"[20.338983050847457, 21.54963680387409, 21.54963680387409]",826,826,3.0,18.7046004842615,23.648607748184013,18.825665859564165,23.54721549636804,,
added_labels,ranking,clean_top1,45.07667473769169,0.8503352504320204,"[44.18886198547216, 45.883777239709445, 45.157384987893465]",826,826,3.0,41.76654560129136,48.38579499596448,41.88861985472155,48.22437449556094,,
added_labels,ranking,interaction_abs,0.12202649848585267,0.0003019242631909104,"[0.12237511784487717, 0.12184960663895919, 0.12185477097372166]",826,826,3.0,0.1203078094245212,0.12381375425129143,0.12034041125829467,0.12377314559598186,,
added_labels,ranking,retained_repair,19.98582565556343,0.6055282597673661,"[19.34798015591779, 20.05669737774628, 20.552799433026223]",826,826,3.0,17.719256970760956,22.33281865817012,17.80551947449028,22.237993849065532,,
added_labels,ranking,break_rate,1.9841269841269842,1.2390869044441266,"[0.5952380952380952, 2.9761904761904763, 2.380952380952381]",826,826,3.0,0.37453183520599254,4.294826314984066,0.7092198581560284,3.519668737060041,,
added_labels,ranking,occlusion_flip_rate,0.665859564164649,0.12106537530266342,"[0.7869249394673123, 0.5447941888619855, 0.6658595641646489]",826,826,3.0,0.34301856335754644,1.0290556900726393,0.3828692493946733,0.9887005649717514,,
added_labels,ranking,word_flip_rate,70.35916061339789,0.43790424564589775,"[70.64164648910412, 70.58111380145279, 69.8547215496368]",826,826,3.0,67.83646085552866,72.94188861985472,67.8773204196933,72.92171105730428,,
added_labels,IS,attack_pairwise,45.43987086359968,0.36986083090846145,"[45.76271186440678, 45.520581113801455, 45.0363196125908]",826,826,3.0,42.655367231638415,48.224878934624684,42.756255044390635,48.12348668280871,,
added_labels,IS,clean_pairwise,97.43744955609363,0.1260088377400806,"[97.57869249394673, 97.39709443099274, 97.3365617433414]",826,826,3.0,96.6505246166263,98.16384180790959,96.6908797417272,98.14366424535916,,
added_labels,IS,blank_pairwise,97.17514124293785,0.36986083090846145,"[97.57869249394673, 97.09443099273608, 96.85230024213075]",826,826,3.0,96.28732849071831,98.02259887005648,96.42857142857143,97.90203793381758,,
added_labels,IS,attack_top1,29.943502824858758,0.9106766825178977,"[30.99273607748184, 29.358353510895885, 29.479418886198548]",826,826,3.0,27.17867231638418,32.808716707021794,27.38095238095238,32.546408393866024,,
added_labels,IS,clean_top1,42.0500403551251,0.666776095313087,"[42.493946731234864, 42.3728813559322, 41.28329297820823]",826,826,3.0,38.821630347054075,45.27845036319613,38.90234059725585,45.07667473769169,,
added_labels,IS,interaction_abs,0.07072397323567316,0.0012954872528082636,"[0.07002433089958843, 0.07221885452150721, 0.06992873428592382]",826,826,3.0,0.0691142704862127,0.07238212744224308,0.06962462970479583,0.0718307174146897,,
added_labels,IS,retained_repair,41.67257264351523,0.3945970491020555,"[42.09780297661233, 41.60170092133239, 41.31821403260099]",826,826,3.0,38.86524822695036,44.53954649576609,38.9947764322098,44.381305611724166,,
added_labels,IS,break_rate,3.3730158730158735,0.9092412093166351,"[3.5714285714285716, 2.380952380952381, 4.166666666666667]",826,826,3.0,0.8333333333333333,6.7671582803161705,1.0040160642570282,6.4936426257180955,,
added_labels,IS,occlusion_flip_rate,0.7465698143664246,0.034948563510267885,"[0.7263922518159807, 0.7869249394673123, 0.7263922518159807]",826,826,3.0,0.423728813559322,1.1299435028248588,0.46408393866020986,1.089588377723971,,
added_labels,IS,word_flip_rate,51.735270379338175,0.13979425404107154,"[51.81598062953995, 51.573849878934624, 51.81598062953995]",826,826,3.0,49.030972558514925,54.35936238902339,49.13186037126716,54.29782082324456,,
added_labels,IS - frozen,attack_pairwise,35.27037933817595,0.36986083090846145,"[35.59322033898305, 35.351089588377725, 34.86682808716707]",826,826,,32.80871670702179,37.81325665859563,32.88942695722356,37.67150928167877,,
added_labels,IS - frozen,clean_pairwise,1.1299435028248581,0.1260088377400806,"[1.2711864406779654, 1.0895883777239703, 1.0290556900726386]",826,826,,0.5044390637610832,1.7963075060532463,0.5447941888619848,1.775625504439049,,
added_labels,IS - frozen,blank_pairwise,1.5940274414850677,0.36986083090846145,"[1.9975786924939456, 1.5133171912832921, 1.2711864406779654]",826,826,,0.8272800645681855,2.4213075060532674,0.9281678773204188,2.320419693301048,,
added_labels,IS - frozen,attack_top1,21.408393866020987,0.9106766825178977,"[22.45762711864407, 20.823244552058114, 20.944309927360777]",826,826,,19.08746973365617,23.749495560936236,19.26957223567393,23.54721549636804,,
added_labels,IS - frozen,clean_top1,-0.8071025020177558,0.666776095313087,"[-0.3631961259079901, -0.4842615012106535, -1.5738498789346238]",826,826,,-3.107344632768367,1.4124293785310726,-2.9065778853914495,1.170298627925753,,
added_labels,IS - frozen,interaction_abs,-0.11757876009314265,0.0012954872528082636,"[-0.11827840242922738, -0.1160838788073086, -0.11837399904289199]",826,826,,-0.11984178615415272,-0.11539198678600225,-0.11947841165937584,-0.1156624337536515,,
added_labels,IS - frozen,retained_repair,41.67257264351523,0.3945970491020555,"[42.09780297661233, 41.60170092133239, 41.31821403260099]",826,826,,38.86524822695036,44.53954649576609,38.9947764322098,44.381305611724166,,
added_labels,IS - frozen,break_rate,3.3730158730158735,0.9092412093166351,"[3.5714285714285716, 2.380952380952381, 4.166666666666667]",826,826,,0.8333333333333333,6.7671582803161705,1.0040160642570282,6.4936426257180955,,
added_labels,IS - frozen,occlusion_flip_rate,-0.4640839386602098,0.034948563510267885,"[-0.4842615012106537, -0.423728813559322, -0.4842615012106537]",826,826,,-0.9685230024213076,0.020177562550443895,-0.9488498789346246,-0.02017756255044389,,
added_labels,IS - frozen,word_flip_rate,-33.676351896690875,0.13979425404107154,"[-33.5956416464891, -33.837772397094426, -33.5956416464891]",826,826,,-36.44067796610169,-31.113297013720754,-36.31961259079902,-31.174334140435832,,
added_labels,IS - ranking,attack_pairwise,18.401937046004846,0.7938787559687648,"[19.128329297820827, 18.52300242130751, 17.554479418886203]",826,826,,16.504741727199356,20.41969330104924,16.747376916868454,20.137207425343014,,
added_labels,IS - ranking,clean_pairwise,-0.16142050040355116,0.09246520772711536,"[-0.18159806295399505, -0.24213075060532674, -0.060532687651331685]",826,826,,-0.5649717514124291,0.26230831315577063,-0.5044390637610974,0.18159806295399505,,
added_labels,IS - ranking,blank_pairwise,-0.22195318805488284,0.45433132563348244,"[0.3026634382566584, -0.4842615012106535, -0.4842615012106535]",826,826,,-0.8676351896690875,0.4640839386602096,-0.6255044390637323,0.16142050040355116,,
added_labels,IS - ranking,attack_top1,8.797417271993545,1.608773144897307,"[10.653753026634384, 7.808716707021794, 7.929782082324458]",826,826,,6.819511702986276,11.037126715092821,7.405165456012913,10.209846650524618,,
added_labels,IS - ranking,clean_top1,-3.0266343825665913,1.1675121986674273,"[-1.6949152542372943, -3.510895883777245, -3.874092009685235]",826,826,,-5.084745762711869,-0.9281678773204192,-4.51977401129944,-1.533494753833736,,
added_labels,IS - ranking,interaction_abs,-0.051302525250179525,0.0014632915809201852,"[-0.052350786945288746, -0.04963075211745198, -0.05192603668779784]",826,826,,-0.05281250146758849,-0.049724715022946,-0.05217311236469182,-0.05046058483049725,,
added_labels,IS - ranking,retained_repair,21.686746987951807,0.9997686732576805,"[22.74982282069454, 21.54500354358611, 20.76541459957477]",826,826,,19.50729576416133,23.999242596033802,19.809091209694948,23.606274585990583,,
added_labels,IS - ranking,break_rate,1.388888888888889,1.8184824186332698,"[2.9761904761904763, -0.5952380952380953, 1.785714285714286]",826,826,,-1.2121212121212122,4.483430799220272,-0.3831417624521072,3.476482617586912,,
added_labels,IS - ranking,occlusion_flip_rate,0.08071025020177565,0.15233725656317088,"[-0.060532687651331685, 0.24213075060532685, 0.060532687651331796]",826,826,,-0.30266343825665853,0.46408393866020975,-0.18159806295399505,0.34301856335754644,,
added_labels,IS - ranking,word_flip_rate,-18.62389023405973,0.5148244883847081,"[-18.825665859564168, -19.007263922518163, -18.038740920096856]",826,826,,-20.581618240516555,-16.72719935431801,-20.399515738498785,-16.928974979822442,,
fresh_seen,frozen,attack_pairwise,23.317307692307693,,[23.317307692307693],832,832,1.0,21.09375,25.60096153846154,21.09375,25.60096153846154,,
fresh_seen,frozen,clean_pairwise,99.15865384615384,,[99.15865384615384],832,832,1.0,98.67638221153847,99.58082932692305,98.67638221153847,99.58082932692305,,
fresh_seen,frozen,blank_pairwise,98.79807692307692,,[98.79807692307692],832,832,1.0,98.19711538461539,99.3389423076923,98.19711538461539,99.3389423076923,,
fresh_seen,frozen,attack_top1,22.716346153846153,,[22.716346153846153],832,832,1.0,20.49278846153846,25.0,20.49278846153846,25.0,,
fresh_seen,frozen,clean_top1,83.17307692307692,,[83.17307692307692],832,832,1.0,80.52884615384616,85.57692307692308,80.52884615384616,85.57692307692308,,
fresh_seen,frozen,interaction_abs,0.15421678903154457,,[0.15421678903154457],832,832,1.0,0.15190254755479354,0.15646283265153985,0.15190254755479354,0.15646283265153985,,
fresh_seen,frozen,retained_repair,0.0,,[0.0],832,832,1.0,0.0,0.0,0.0,0.0,,
fresh_seen,frozen,break_rate,0.0,,[0.0],832,832,1.0,0.0,0.0,0.0,0.0,,
fresh_seen,frozen,occlusion_flip_rate,0.3605769230769231,,[0.3605769230769231],832,832,1.0,0.06009615384615385,0.7211538461538461,0.06009615384615385,0.7211538461538461,,
fresh_seen,frozen,word_flip_rate,75.48076923076923,,[75.48076923076923],832,832,1.0,73.07692307692308,77.70432692307692,73.07692307692308,77.70432692307692,,
fresh_seen,ranking,attack_pairwise,47.15544871794872,0.4857514284047329,"[46.875, 46.875, 47.71634615384615]",832,832,3.0,44.39102564102564,49.95993589743589,44.451121794871796,49.899839743589745,,
fresh_seen,ranking,clean_pairwise,99.3389423076923,0.0,"[99.3389423076923, 99.3389423076923, 99.3389423076923]",832,832,3.0,98.89773637820514,99.71955128205127,98.89823717948718,99.71955128205127,,
fresh_seen,ranking,blank_pairwise,99.17868589743591,0.09179839132524101,"[99.15865384615384, 99.0985576923077, 99.27884615384616]",832,832,3.0,98.67788461538461,99.59935897435896,98.71794871794873,99.57932692307692,,
fresh_seen,ranking,attack_top1,44.95192307692307,0.6610576923076898,"[44.29086538461539, 44.95192307692308, 45.61298076923077]",832,832,3.0,42.12740384615384,47.79647435897436,42.267628205128204,47.71634615384615,,
fresh_seen,ranking,clean_top1,83.73397435897436,0.6619676138565039,"[83.05288461538461, 84.375, 83.77403846153847]",832,832,3.0,81.1298076923077,86.17788461538461,81.2099358974359,86.05869391025641,,
fresh_seen,ranking,interaction_abs,0.105999830020711,0.00015111380304389126,"[0.1060048704698252, 0.10614836053886953, 0.10584625905343834]",832,832,3.0,0.10436421088883295,0.10757866985036225,0.10437384722776746,0.10756591627648912,,
fresh_seen,ranking,retained_repair,32.21868365180467,0.6435432936827051,"[31.84713375796178, 31.84713375796178, 32.961783439490446]",832,832,3.0,29.457880299440532,35.029651945118836,29.594535134628018,34.87100281167189,,
fresh_seen,ranking,break_rate,2.0618556701030926,0.0,"[2.0618556701030926, 2.0618556701030926, 2.0618556701030926]",832,832,3.0,0.9189468160760026,3.373544812160032,1.0241787995256397,3.2921810699588474,,
fresh_seen,ranking,occlusion_flip_rate,0.2403846153846154,0.06009615384615384,"[0.18028846153846154, 0.3004807692307692, 0.2403846153846154]",832,832,3.0,0.04006410256410256,0.5408653846153846,0.06009615384615385,0.500801282051282,,
fresh_seen,ranking,word_flip_rate,52.02323717948718,0.40013991096631013,"[52.28365384615385, 52.22355769230769, 51.5625]",832,832,3.0,49.3184094551282,54.747596153846146,49.29837740384615,54.72756410256411,,
fresh_seen,IS,attack_pairwise,65.24439102564104,1.52664734641487,"[67.00721153846153, 64.36298076923077, 64.36298076923077]",832,832,3.0,62.37980769230769,68.18910256410255,62.72035256410256,67.66826923076923,,
fresh_seen,IS,clean_pairwise,99.21875,0.060096153846160405,"[99.27884615384616, 99.21875, 99.15865384615384]",832,832,3.0,98.73798076923077,99.63942307692307,98.75801282051282,99.61939102564104,,
fresh_seen,IS,blank_pairwise,99.07852564102564,0.1931821065904005,"[99.21875, 98.85817307692308, 99.15865384615384]",832,832,3.0,98.5176282051282,99.53926282051282,98.59775641025641,99.51923076923077,,
fresh_seen,IS,attack_top1,59.35496794871795,1.6483591007348322,"[61.23798076923077, 58.17307692307692, 58.65384615384615]",832,832,3.0,56.25,62.49999999999999,56.61057692307693,61.99919871794872,,
fresh_seen,IS,clean_top1,81.4903846153846,1.3000785849028826,"[82.9326923076923, 80.40865384615384, 81.1298076923077]",832,832,3.0,78.68589743589743,84.17467948717947,79.00641025641026,83.89423076923077,,
fresh_seen,IS,interaction_abs,0.0617316342317141,0.000713407650481557,"[0.060908651507746145, 0.06217435142920854, 0.06211189975818762]",832,832,3.0,0.06049568064231724,0.06291686496428715,0.06070708459376011,0.06271888536530941,,
fresh_seen,IS,retained_repair,56.6348195329087,1.978200122461173,"[58.9171974522293, 55.57324840764331, 55.4140127388535]",832,832,3.0,53.27462981080351,60.159065504135924,53.759046486048845,59.41120084121977,,
fresh_seen,IS,break_rate,3.52233676975945,0.2976032315410442,"[3.350515463917526, 3.865979381443299, 3.350515463917526]",832,832,3.0,2.1189612629284915,5.198077832079883,2.3201706651996075,4.909579023651097,,
fresh_seen,IS,occlusion_flip_rate,0.2604166666666667,0.13878612240135235,"[0.18028846153846154, 0.4206730769230769, 0.18028846153846154]",832,832,3.0,0.04006410256410256,0.6009615384615384,0.08012820512820513,0.500801282051282,,
fresh_seen,IS,word_flip_rate,33.83413461538462,1.4132182711904882,"[32.21153846153846, 34.49519230769231, 34.79567307692308]",832,832,3.0,30.969050480769226,36.65865384615384,31.41025641025641,36.31810897435898,,
fresh_seen,IS - frozen,attack_pairwise,41.927083333333336,1.52664734641487,"[43.68990384615384, 41.04567307692308, 41.04567307692308]",832,832,,39.142127403846146,44.89182692307692,39.48317307692308,44.37099358974359,,
fresh_seen,IS - frozen,clean_pairwise,0.060096153846160405,0.060096153846160405,"[0.12019230769232081, 0.060096153846160405, 0.0]",832,832,,-0.18028846153845315,0.3004807692307736,-0.14072516025642923,0.2804487179487296,,
fresh_seen,IS - frozen,blank_pairwise,0.2804487179487201,0.19318210659040053,"[0.4206730769230802, 0.060096153846160405, 0.3605769230769198]",832,832,,-0.060096153846160405,0.6810897435897374,0.0,0.5809294871795032,,
fresh_seen,IS - frozen,attack_top1,36.638621794871796,1.6483591007348322,"[38.52163461538461, 35.45673076923077, 35.9375]",832,832,,33.673878205128204,39.64393028846153,34.13461538461539,39.12259615384615,,
fresh_seen,IS - frozen,clean_top1,-1.6826923076923066,1.3000785849028829,"[-0.2403846153846132, -2.76442307692308, -2.0432692307692264]",832,832,,-3.725961538461533,0.3205128205128176,-3.2051282051282044,-0.1602564102564088,,
fresh_seen,IS - frozen,interaction_abs,-0.09248515479983048,0.0007134076504815592,"[-0.09330813752379842, -0.09204243760233602, -0.09210488927335694]",832,832,,-0.09415564157862741,-0.09081661416969908,-0.09399398131089326,-0.09099271724852047,,
fresh_seen,IS - frozen,retained_repair,56.6348195329087,1.978200122461173,"[58.9171974522293, 55.57324840764331, 55.4140127388535]",832,832,,53.27462981080351,60.159065504135924,53.759046486048845,59.41120084121977,,
fresh_seen,IS - frozen,break_rate,3.52233676975945,0.2976032315410442,"[3.350515463917526, 3.865979381443299, 3.350515463917526]",832,832,,2.1189612629284915,5.198077832079883,2.3201706651996075,4.909579023651097,,
fresh_seen,IS - frozen,occlusion_flip_rate,-0.1001602564102564,0.13878612240135235,"[-0.18028846153846154, 0.060096153846153855, -0.18028846153846154]",832,832,,-0.42067307692307687,0.2003205128205128,-0.360576923076923,0.14022435897435898,,
fresh_seen,IS - frozen,word_flip_rate,-41.646634615384606,1.4132182711904882,"[-43.26923076923077, -40.98557692307692, -40.685096153846146]",832,832,,-44.59134615384616,-38.84164663461539,-44.13060897435898,-39.16266025641026,,
fresh_seen,IS - ranking,attack_pairwise,18.08894230769231,1.8188396575025851,"[20.132211538461533, 17.487980769230774, 16.64663461538462]",832,832,,15.564903846153854,20.793269230769226,16.366185897435898,19.832231570512803,,
fresh_seen,IS - ranking,clean_pairwise,-0.1201923076923066,0.060096153846160405,"[-0.060096153846146194, -0.1201923076923066, -0.180288461538467]",832,832,,-0.3605769230769059,0.0801282051282044,-0.3205128205128176,0.060096153846146194,,
fresh_seen,IS - ranking,blank_pairwise,-0.10016025641025787,0.15123867057834367,"[0.060096153846160405, -0.2403846153846132, -0.12019230769232081]",832,832,,-0.4006410256410227,0.180288461538467,-0.3205128205128176,0.1001602564102626,,
fresh_seen,IS - ranking,attack_top1,14.403044871794869,2.2050730289478144,"[16.94711538461538, 13.22115384615384, 13.040865384615387]",832,832,,11.738782051282044,17.34825721153846,12.700320512820518,16.105769230769234,,
fresh_seen,IS - ranking,clean_top1,-2.2435897435897467,1.954126345874555,"[-0.1201923076923066, -3.9663461538461604, -2.6442307692307736]",832,832,,-4.487179487179489,0.0,-3.285256410256409,-1.2019230769230802,,
fresh_seen,IS - ranking,interaction_abs,-0.04426819578899691,0.0007270314915857986,"[-0.04509621896207905, -0.04397400910966099, -0.04373435929525071]",832,832,,-0.04530262093407473,-0.04330435199592148,-0.044981880035088684,-0.043549388671146085,,
fresh_seen,IS - ranking,retained_repair,24.416135881104037,2.384993836375903,"[27.07006369426752, 23.72611464968153, 22.452229299363054]",832,832,,21.261668076972473,27.854013300803047,22.33501166511236,26.575184087216332,,
fresh_seen,IS - ranking,break_rate,1.4604810996563575,0.2976032315410442,"[1.2886597938144333, 1.8041237113402064, 1.2886597938144333]",832,832,,-0.16424445914924535,3.1402506654835824,0.2576989162040708,2.7122110690362167,,
fresh_seen,IS - ranking,occlusion_flip_rate,0.020032051282051284,0.09179839132523719,"[0.0, 0.12019230769230771, -0.060096153846153855]",832,832,,-0.16025641025641024,0.2003205128205128,-0.08012820512820515,0.12019230769230771,,
fresh_seen,IS - ranking,word_flip_rate,-18.189102564102566,1.7001299994165686,"[-20.072115384615387, -17.728365384615387, -16.76682692307692]",832,832,,-20.81330128205127,-15.685096153846153,-19.95192307692308,-16.486378205128204,,
fresh_heldout,frozen,attack_pairwise,28.1947261663286,,[28.1947261663286],986,986,1.0,25.862068965517242,30.527383367139958,25.862068965517242,30.527383367139958,,
fresh_heldout,frozen,clean_pairwise,98.98580121703854,,[98.98580121703854],986,986,1.0,98.42799188640974,99.4421906693712,98.42799188640974,99.4421906693712,,
fresh_heldout,frozen,blank_pairwise,99.2393509127789,,[99.2393509127789],986,986,1.0,98.78296146044624,99.59432048681542,98.78296146044624,99.59432048681542,,
fresh_heldout,frozen,attack_top1,27.789046653144016,,[27.789046653144016],986,986,1.0,25.456389452332658,30.121703853955374,25.456389452332658,30.121703853955374,,
fresh_heldout,frozen,clean_top1,85.39553752535497,,[85.39553752535497],986,986,1.0,83.16430020283975,87.62677484787018,83.16430020283975,87.62677484787018,,
fresh_heldout,frozen,interaction_abs,0.14499792777772608,,[0.14499792777772608],986,986,1.0,0.1431932064457126,0.146830645044151,0.1431932064457126,0.146830645044151,,
fresh_heldout,frozen,retained_repair,0.0,,[0.0],986,986,1.0,0.0,0.0,0.0,0.0,,
fresh_heldout,frozen,break_rate,0.0,,[0.0],986,986,1.0,0.0,0.0,0.0,0.0,,
fresh_heldout,frozen,occlusion_flip_rate,0.15212981744421908,,[0.15212981744421908],986,986,1.0,0.0,0.35496957403651114,0.0,0.35496957403651114,,
fresh_heldout,frozen,word_flip_rate,71.04462474645031,,[71.04462474645031],986,986,1.0,68.66125760649088,73.37728194726166,68.66125760649088,73.37728194726166,,
fresh_heldout,ranking,attack_pairwise,46.686950642325904,1.259948962378919,"[45.233265720081135, 47.3630831643002, 47.46450304259635]",986,986,3.0,44.033130493576735,49.35809668695064,44.30358350236646,49.1210277214334,,
fresh_heldout,ranking,clean_pairwise,99.01960784313724,0.07746071154421601,"[98.93509127789046, 99.08722109533468, 99.0365111561866]",986,986,3.0,98.52941176470588,99.44219066937119,98.5632183908046,99.42528735632185,,
fresh_heldout,ranking,blank_pairwise,99.17173766058147,0.029277397017724093,"[99.18864097363083, 99.18864097363083, 99.13793103448276]",986,986,3.0,98.74915483434754,99.54361054766733,98.76605814739689,99.52670723461797,,
fresh_heldout,ranking,attack_top1,45.757268424611226,1.0761185965109512,"[44.523326572008116, 46.24746450304259, 46.50101419878296]",986,986,3.0,43.15415821501014,48.39418526031102,43.390804597701155,48.208248816768084,,
fresh_heldout,ranking,clean_top1,85.73360378634213,0.23421917614183377,"[85.59837728194726, 86.00405679513185, 85.59837728194726]",986,986,3.0,83.60378634212304,87.86342123056119,83.60378634212306,87.82961460446246,,
fresh_heldout,ranking,interaction_abs,0.10785123822987684,0.001324760846597714,"[0.10937112773453125, 0.10694148286073855, 0.10724110409436072]",986,986,3.0,0.10606174985623142,0.1097538771492538,0.10644509104257442,0.10925104254245899,,
fresh_heldout,ranking,retained_repair,26.76659528907923,1.6875932073571576,"[24.839400428265524, 27.480371163454674, 27.980014275517487]",986,986,3.0,24.06064642309743,29.52742664742664,24.646676234283838,28.974353828038794,,
fresh_heldout,ranking,break_rate,1.8585131894484412,0.5191998823647713,"[2.158273381294964, 1.2589928057553956, 2.158273381294964]",986,986,3.0,0.8725827916890523,3.0364194314168236,1.0631644777986242,2.746583940404165,,
fresh_heldout,ranking,occlusion_flip_rate,0.1352265043948614,0.02927739701772951,"[0.15212981744421908, 0.15212981744421908, 0.10141987829614604]",986,986,3.0,0.016903313049357674,0.28735632183908044,0.03380662609871535,0.2704530087897228,,
fresh_heldout,ranking,word_flip_rate,52.48478701825558,1.2758362703254695,"[53.9553752535497, 51.825557809330626, 51.67342799188641]",986,986,3.0,49.84787018255578,55.121703853955374,50.1183231913455,54.85125084516565,,
fresh_heldout,IS,attack_pairwise,53.853955375253555,1.7632189300926684,"[55.73022312373225, 53.60040567951319, 52.23123732251521]",986,986,3.0,51.14942528735632,56.71103786342122,51.689908722109536,56.06828938471941,,
fresh_heldout,IS,clean_pairwise,98.37728194726166,0.10141987829614152,"[98.4787018255578, 98.27586206896552, 98.37728194726166]",986,986,3.0,97.68424611223799,98.95199459093982,97.70114942528737,98.93551386071671,,
fresh_heldout,IS,blank_pairwise,98.1237322515213,0.30845651776360167,"[98.32657200811359, 97.76876267748479, 98.27586206896552]",986,986,3.0,97.31237322515213,98.78296146044624,97.41379310344827,98.73225152129817,,
fresh_heldout,IS,attack_top1,51.16632860040568,1.4758247678352192,"[52.83975659229209, 50.60851926977688, 50.05070993914807]",986,986,3.0,48.46179851250845,53.90508789722785,48.951994590939826,53.3975659229209,,
fresh_heldout,IS,clean_top1,83.0628803245436,0.5070993914807289,"[83.56997971602433, 83.06288032454361, 82.55578093306288]",986,986,3.0,80.79783637592968,85.2603110209601,80.86544962812711,85.15889114266396,,
fresh_heldout,IS,interaction_abs,0.0712892092698889,0.0020480071620269887,"[0.07062916608780441, 0.07358584993539669, 0.06965261178646562]",986,986,3.0,0.0693030147987057,0.07355535804430063,0.07022834746862879,0.07231294689649631,,
fresh_heldout,IS,retained_repair,41.113490364025694,1.6071849035257253,"[42.68379728765168, 41.18486795146324, 39.47180585296217]",986,986,3.0,38.11895469158127,44.11414673317905,38.70122460554554,43.55654001044588,,
fresh_heldout,IS,break_rate,12.64988009592326,2.395082057006976,"[9.892086330935252, 13.848920863309353, 14.20863309352518]",986,986,3.0,9.461966604823747,15.876210860222384,10.489040125116071,14.876680446326544,,
fresh_heldout,IS,occlusion_flip_rate,0.43948613928329955,0.19198473109534392,"[0.30425963488843816, 0.6592292089249493, 0.35496957403651114]",986,986,3.0,0.16903313049357674,0.7944557133198106,0.21974306964164977,0.6930358350236646,,
fresh_heldout,IS,word_flip_rate,44.28668018931711,1.7251319570213735,"[42.59634888438134, 44.21906693711968, 46.0446247464503]",986,986,3.0,41.53144016227181,47.00811359026369,42.13995943204868,46.34930696416497,,
fresh_heldout,IS - frozen,attack_pairwise,25.659229208924952,1.7632189300926684,"[27.53549695740365, 25.405679513184587, 24.036511156186613]",986,986,,22.81947261663286,28.431372549019606,23.411088573360374,27.87398580121704,,
fresh_heldout,IS - frozen,clean_pairwise,-0.6085192697768775,0.10141987829614152,"[-0.507099391480736, -0.709939148073019, -0.6085192697768775]",986,986,,-1.217038539553755,-0.03338404327248174,-1.183231913455046,-0.05070993914807751,,
fresh_heldout,IS - frozen,blank_pairwise,-1.115618661257604,0.30845651776360167,"[-0.9127789046653163, -1.470588235294116, -0.96348884381338]",986,986,,-1.8086544962812638,-0.5409060175794593,-1.6903313049357536,-0.608519269776863,,
fresh_heldout,IS - frozen,attack_top1,23.377281947261665,1.4758247678352192,"[25.050709939148074, 22.81947261663286, 22.261663286004055]",986,986,,20.63894523326572,25.99771805273833,21.14562204192022,25.592038539553755,,
fresh_heldout,IS - frozen,clean_top1,-2.3326572008113593,0.5070993914807289,"[-1.8255578093306326, -2.3326572008113544, -2.8397565922920904]",986,986,,-3.8877620013522716,-0.8451656524678978,-3.6849222447599743,-0.9803921568627345,,
fresh_heldout,IS - frozen,interaction_abs,-0.07370871850783718,0.0020480071620269887,"[-0.07436876168992167, -0.07141207784232939, -0.07534531599126046]",986,986,,-0.07576134218623393,-0.07126652457501975,-0.07499991576675329,-0.07250714481611781,,
fresh_heldout,IS - frozen,retained_repair,41.113490364025694,1.6071849035257253,"[42.68379728765168, 41.18486795146324, 39.47180585296217]",986,986,,38.11895469158127,44.11414673317905,38.70122460554554,43.55654001044588,,
fresh_heldout,IS - frozen,break_rate,12.64988009592326,2.395082057006976,"[9.892086330935252, 13.848920863309353, 14.20863309352518]",986,986,,9.461966604823747,15.876210860222384,10.489040125116071,14.876680446326544,,
fresh_heldout,IS - frozen,occlusion_flip_rate,0.28735632183908044,0.19198473109534395,"[0.15212981744421908, 0.5070993914807302, 0.20283975659229206]",986,986,,-0.016903313049357688,0.6427484787018194,0.03380662609871532,0.5409060175794456,,
fresh_heldout,IS - frozen,word_flip_rate,-26.757944557133204,1.7251319570213735,"[-28.448275862068968, -26.825557809330633, -25.000000000000007]",986,986,,-29.513184584178504,-23.935091277890464,-28.989181879648406,-24.49290060851927,,
fresh_heldout,IS - ranking,attack_pairwise,7.167004732927656,2.9760873695827716,"[10.496957403651116, 6.237322515212988, 4.766734279918865]",986,986,,4.055949966193371,10.496957403651116,5.4428668018931745,8.823951994590944,,
fresh_heldout,IS - ranking,clean_pairwise,-0.6423258958755866,0.17808745356410527,"[-0.45638945233265815, -0.8113590263691606, -0.6592292089249412]",986,986,,-1.1156186612575993,-0.2535496957403609,-1.0480054090601811,-0.304259634888453,,
fresh_heldout,IS - ranking,blank_pairwise,-1.0480054090601716,0.3220513671950225,"[-0.8620689655172384, -1.419878296146038, -0.8620689655172384]",986,986,,-1.6734279918864132,-0.5409060175794451,-1.555104800540903,-0.6254225828262321,,
fresh_heldout,IS - ranking,attack_top1,5.409060175794456,2.5503284939205257,"[8.316430020283974, 4.361054766734284, 3.5496957403651095]",986,986,,2.51859364435429,8.367139959432045,3.6849222447599743,7.06558485463151,,
fresh_heldout,IS - ranking,clean_top1,-2.6707234617985165,0.558577134613191,"[-2.02839756592293, -2.941176470588232, -3.0425963488843877]",986,986,,-4.0567951318458455,-1.3184584178499104,-3.820148749154825,-1.555104800540903,,
fresh_heldout,IS - ranking,interaction_abs,-0.03656202895998794,0.002836080839318894,"[-0.038741961646726844, -0.03335563292534187, -0.0375884923078951]",986,986,,-0.038837114615432614,-0.03354938048179852,-0.03720004233422087,-0.0359209203644592,,
fresh_heldout,IS - ranking,retained_repair,14.346895074946469,3.2246558167242028,"[17.844396859386155, 13.704496788008566, 11.491791577444683]",986,986,,10.759530146369798,18.092633406798903,12.358188545026657,16.296867823574544,,
fresh_heldout,IS - ranking,break_rate,10.79136690647482,2.6616274436958167,"[7.733812949640288, 12.589928057553957, 12.050359712230215]",986,986,,7.441081930350554,14.165869909391413,8.641975308641975,13.04360213055865,,
fresh_heldout,IS - ranking,occlusion_flip_rate,0.30425963488843816,0.18283728577403596,"[0.15212981744421908, 0.5070993914807302, 0.2535496957403651]",986,986,,0.03380662609871532,0.6254225828262339,0.10141987829614604,0.5240027045300879,,
fresh_heldout,IS - ranking,word_flip_rate,-8.19810682893847,2.9105620320017054,"[-11.359026369168355, -7.606490872210948, -5.62880324543611]",986,986,,-11.528059499661921,-5.003380662609864,-9.939570655848543,-6.440162271805264,,
SCAM,frozen,pairwise,45.438898450946645,,[45.438898450946645],1162,1162,1.0,42.59896729776248,48.278829604130806,42.59896729776248,48.278829604130806,pairwise,
SCAM,frozen,top1,31.755593803786574,,[31.755593803786574],1162,1162,1.0,29.08777969018933,34.42340791738382,29.08777969018933,34.42340791738382,pairwise,
SCAM,frozen,margin,-0.002699462963002069,,[-0.002699462963002069],1162,1162,1.0,-0.005686110550964094,0.00034837741965809183,-0.005686110550964094,0.00034837741965809183,pairwise,
SCAM,ranking,pairwise,62.335054503729204,0.32581229752153223,"[61.96213425129088, 62.5645438898451, 62.47848537005164]",1162,1162,3.0,59.5811818703385,65.0889271371199,59.75329890992541,65.00286861732644,pairwise,
SCAM,ranking,top1,38.64027538726334,0.8209459564689727,"[37.8657487091222, 38.55421686746988, 39.500860585197934]",1162,1162,3.0,35.9437751004016,41.30808950086058,36.08720596672404,41.22203098106713,pairwise,
SCAM,ranking,margin,0.014167391473338717,0.0005421475221403911,"[0.014196443264076099, 0.014694428991481483, 0.013611302164458572]",1162,1162,3.0,0.011598048652765381,0.016701271580516156,0.01166566348256895,0.016706165296308226,pairwise,
SCAM,IS,pairwise,64.51520367183018,2.911187288724812,"[67.81411359724613, 62.306368330464714, 63.42512908777969]",1162,1162,3.0,60.929432013769365,68.27309236947791,62.07687894434883,66.86746987951807,pairwise,
SCAM,IS,top1,33.04647160068847,2.9297839123148353,"[35.88640275387263, 30.034423407917384, 33.218588640275385]",1162,1162,3.0,29.432013769363166,36.66164658634538,30.694205393000573,35.341365461847396,pairwise,
SCAM,IS,margin,0.014189463382350666,0.0037523934293380427,"[0.018434319959347505, 0.011314472186791097, 0.012819598000913398]",1162,1162,3.0,0.010607290947173971,0.01835315439778493,0.01219185685901355,0.016187612842276853,pairwise,
SCAM,IS - frozen,pairwise,19.076305220883533,2.911187288724812,"[22.37521514629949, 16.86746987951807, 17.986230636833042]",1162,1162,,15.46184738955823,22.806224899598384,16.72332185886402,21.485943775100395,pairwise,
SCAM,IS - frozen,top1,1.290877796901892,2.9297839123148357,"[4.130808950086056, -1.7211703958691906, 1.4629948364888108]",1162,1162,,-2.266924842226048,4.819277108433738,-0.9179575444635688,3.5570854847963247,pairwise,
SCAM,IS - frozen,margin,0.016888926345352735,0.003752393429338044,"[0.021133782922349575, 0.014013935149793166, 0.015519060963915466]",1162,1162,,0.013280560908763232,0.020990956881485886,0.015167200527454733,0.018555957410106252,pairwise,
SCAM,IS - ranking,pairwise,2.180149168100975,3.2364563976476,"[5.851979345955257, -0.2581755593803834, 0.9466437177280511]",1162,1162,,-1.2335054503729168,5.852696500286859,0.5450372920252489,3.815261044176701,pairwise,
SCAM,IS - ranking,top1,-5.593803786574873,3.3241321713989627,"[-1.9793459552495705, -8.5197934595525, -6.282271944922549]",1162,1162,,-9.064830751577738,-1.8072289156626553,-7.344377510040162,-3.9300057372346515,pairwise,
SCAM,IS - ranking,margin,2.207190901194871e-05,0.0038735668873126363,"[0.004237876695271406, -0.0033799568046903854, -0.0007917041635451746]",1162,1162,,-0.003425522904887975,0.0039381141472998975,-0.0009878803923516618,0.0009727028035572127,pairwise,
NoSCAM,frozen,pairwise,99.48364888123925,,[99.48364888123925],1162,1162,1.0,99.05335628227195,99.82788296041308,99.05335628227195,99.82788296041308,pairwise,
NoSCAM,frozen,top1,49.741824440619624,,[49.741824440619624],1162,1162,1.0,46.901893287435456,52.581755593803784,46.901893287435456,52.581755593803784,pairwise,
NoSCAM,frozen,margin,0.1099841327000916,,[0.1099841327000916],1162,1162,1.0,0.10763152720608625,0.11233232521761383,0.10763152720608625,0.11233232521761383,pairwise,
NoSCAM,ranking,pairwise,99.16810097532989,0.09937181913762283,"[99.22547332185886, 99.22547332185886, 99.05335628227195]",1162,1162,3.0,98.6510327022375,99.62707974756168,98.65174985656914,99.62707974756167,pairwise,
NoSCAM,ranking,top1,48.5083189902467,1.7559593738155923,"[46.98795180722892, 48.10671256454389, 50.4302925989673]",1162,1162,3.0,45.324153757888695,51.72117039586919,45.72576018359151,51.204819277108435,pairwise,
NoSCAM,ranking,margin,0.09679121635768755,0.0016872435900342998,"[0.09812736992119922, 0.09735106920467597, 0.09489520994718739]",1162,1162,3.0,0.09415633277914139,0.09935745401099554,0.09476855371633093,0.09886231542860408,pairwise,
NoSCAM,IS,pairwise,98.7091222030981,0.31028840580584693,"[98.96729776247848, 98.79518072289157, 98.36488812392427]",1162,1162,3.0,98.02065404475042,99.31153184165233,98.1067125645439,99.25415949512335,pairwise,
NoSCAM,IS,top1,39.185312679288586,4.34261671441871,"[40.87779690189329, 34.251290877796905, 42.42685025817556]",1162,1162,3.0,34.164515203671826,43.74641422834193,36.689615605278256,41.62363740676994,pairwise,
NoSCAM,IS,margin,0.07234743853995701,0.011784010973017069,"[0.08436993970864304, 0.060817355302878996, 0.07185502060834902]",1162,1162,3.0,0.061158795725224015,0.0837602399623826,0.07065325832246613,0.0740696918450422,pairwise,
NoSCAM,IS - frozen,pairwise,-0.7745266781411383,0.31028840580584693,"[-0.5163511187607668, -0.6884681583476748, -1.1187607573149734]",1162,1162,,-1.3769363166953639,-0.2581755593803763,-1.2621916236374062,-0.3729202524383055,pairwise,
NoSCAM,IS - frozen,top1,-10.556511761331038,4.34261671441871,"[-8.864027538726333, -15.49053356282272, -7.314974182444061]",1162,1162,,-15.548623063683303,-6.368330464716003,-12.707974756167523,-8.433734939759042,pairwise,
NoSCAM,IS - frozen,margin,-0.03763669416013458,0.011784010973017069,"[-0.025614192991448556, -0.0491667773972126, -0.03812911209174258]",1162,1162,,-0.04884740654507367,-0.025854868292744422,-0.03880323921739029,-0.0364807474182473,pairwise,
NoSCAM,IS - ranking,pairwise,-0.45897877223177846,0.21657585872836457,"[-0.2581755593803763, -0.43029259896728433, -0.6884681583476748]",1162,1162,,-1.0040160642570157,-1.4210854715202004e-14,-0.8892713711990723,-0.08605851979346824,pairwise,
NoSCAM,IS - ranking,top1,-9.323006310958116,4.037725372326542,"[-6.1101549053356266, -13.855421686746986, -8.003442340791736]",1162,1162,,-13.769363166953525,-5.44965576592084,-11.044176706827301,-7.71658060814687,pairwise,
NoSCAM,IS - ranking,margin,-0.02444377781773051,0.011452830223868381,"[-0.013757430212556182, -0.03653371390179697, -0.023040189338838377]",1162,1162,,-0.0363354593794312,-0.01399015912500799,-0.02524517347573447,-0.023665196438946743,pairwise,
SynthSCAM,frozen,pairwise,33.304647160068846,,[33.304647160068846],1162,1162,1.0,30.55077452667814,35.97246127366609,30.55077452667814,35.97246127366609,pairwise,
SynthSCAM,frozen,top1,24.354561101549052,,[24.354561101549052],1162,1162,1.0,21.944922547332187,26.76419965576592,21.944922547332187,26.76419965576592,pairwise,
SynthSCAM,frozen,margin,-0.01702115829655718,,[-0.01702115829655718],1162,1162,1.0,-0.01954987228987498,-0.014361728040145617,-0.01954987228987498,-0.014361728040145617,pairwise,
SynthSCAM,ranking,pairwise,54.18818129661503,1.0760183209128529,"[53.098106712564544, 55.24956970740103, 54.21686746987952]",1162,1162,3.0,51.31956397016638,57.14285714285714,51.57773952954676,56.91336775674125,pairwise,
SynthSCAM,ranking,top1,34.652897303499714,0.8446604626698475,"[34.16523235800344, 34.16523235800344, 35.628227194492254]",1162,1162,3.0,31.870338496844518,37.32142857142856,32.1285140562249,37.148594377510044,pairwise,
SynthSCAM,ranking,margin,0.002420266736480469,0.0007144309948617166,"[0.0019401627081396659, 0.0032412978706692253, 0.0020793396306325153]",1162,1162,3.0,0.00022229745618601473,0.004760758362270195,0.0003280949577415598,0.004629991540543165,pairwise,
SynthSCAM,IS,pairwise,57.42971887550201,3.0454666085132756,"[60.8433734939759, 54.99139414802065, 56.454388984509464]",1162,1162,3.0,53.613740676993686,61.38912794033275,54.99139414802065,59.925415949512335,pairwise,
SynthSCAM,IS,top1,30.751577739529548,3.7168248621332247,"[34.251290877796905, 26.85025817555938, 31.153184165232357]",1162,1162,3.0,26.592082616179002,34.8823866896156,28.514056224899594,32.9898164084911,pairwise,
SynthSCAM,IS,margin,0.005377086812370615,0.002922417271193173,"[0.008741055966295597, 0.003925983927079609, 0.00346422054373664]",1162,1162,3.0,0.002563046309530598,0.008737803517605162,0.0036717758641689933,0.0070950086518686084,pairwise,
SynthSCAM,IS - frozen,pairwise,24.12507171543316,3.0454666085132756,"[27.538726333907057, 21.686746987951807, 23.149741824440618]",1162,1162,,20.30981067125645,28.170539300057357,21.572002294893863,26.649454962707978,pairwise,
SynthSCAM,IS - frozen,top1,6.397016637980495,3.7168248621332247,"[9.896729776247852, 2.4956970740103266, 6.798623063683305]",1162,1162,,2.2662076878944326,10.385111876075724,4.245553643144003,8.54919678714859,pairwise,
SynthSCAM,IS - frozen,margin,0.022398245108927795,0.0029224172711931735,"[0.025762214262852776, 0.020947142223636788, 0.02048537884029382]",1162,1162,,0.019451776093777164,0.02565403298645296,0.020783304711734334,0.023932283631634396,pairwise,
SynthSCAM,IS - ranking,pairwise,3.2415375788869767,4.095095666594263,"[7.74526678141136, -0.2581755593803763, 2.2375215146299468]",1162,1162,,-0.7752438324727481,7.6592082616178985,1.519650028686171,4.962707974756171,pairwise,
SynthSCAM,IS - ranking,top1,-3.901319563970167,3.7337233729703874,"[0.08605851979346113, -7.314974182444065, -4.475043029259897]",1162,1162,,-7.74526678141136,0.11474469305794344,-5.565117613310388,-2.236804360298338,pairwise,
SynthSCAM,IS - ranking,margin,0.002956820075890147,0.003347423215295063,"[0.006800893258155931, 0.0006846860564103841, 0.0013848809131041247]",1162,1162,,0.00019754938069545052,0.006472180286669228,0.0020211470263143995,0.0038363323364208053,pairwise,
RTA100,frozen,pairwise,44.0,,[44.0],1000,1000,1.0,41.0,46.9,41.0,46.9,top1,
RTA100,frozen,top1,42.0,,[42.0],1000,1000,1.0,39.0,45.0,39.0,45.0,top1,
RTA100,frozen,margin,-0.004958807535469532,,[-0.004958807535469532],1000,1000,1.0,-0.007680562312155962,-0.002269143805652861,-0.007680562312155962,-0.002269143805652861,top1,
RTA100,ranking,pairwise,61.06666666666666,0.9451631252505203,"[61.8, 60.0, 61.4]",1000,1000,3.0,58.099999999999994,64.03416666666665,58.36666666666667,63.86666666666667,top1,
RTA100,ranking,top1,55.76666666666667,1.2583057392117918,"[55.6, 54.6, 57.1]",1000,1000,3.0,52.666666666666664,58.9,52.96666666666667,58.56666666666666,top1,
RTA100,ranking,margin,0.010296396555999914,0.0007619777333125201,"[0.010943307355046273, 0.009456472493708134, 0.010489409819245338]",1000,1000,3.0,0.007979428365019461,0.012598520752663411,0.008144942907119791,0.012468539192279176,top1,
RTA100,IS,pairwise,64.33333333333333,2.311565126344775,"[64.6, 61.9, 66.5]",1000,1000,3.0,60.73333333333333,67.6,61.76666666666667,66.76666666666667,top1,
RTA100,IS,top1,52.20000000000001,4.800000000000001,"[57.0, 47.4, 52.2]",1000,1000,3.0,46.9,57.49999999999999,49.56666666666666,54.800000000000004,top1,
RTA100,IS,margin,0.011833698800454538,0.0027846142692624243,"[0.014507410302758216, 0.008950063578784466, 0.012043622519820928]",1000,1000,3.0,0.008718467404538143,0.01506917059384286,0.009988203440140933,0.013608831705525515,top1,
RTA100,IS - frozen,pairwise,20.333333333333332,2.311565126344775,"[20.599999999999994, 17.9, 22.5]",1000,1000,,16.866666666666667,23.899999999999984,17.766666666666673,22.866666666666667,top1,
RTA100,IS - frozen,top1,10.200000000000001,4.800000000000001,"[15.0, 5.399999999999999, 10.200000000000003]",1000,1000,,4.93333333333333,15.600000000000001,7.56666666666667,12.800833333333332,top1,
RTA100,IS - frozen,margin,0.01679250633592407,0.0027846142692624243,"[0.01946621783822775, 0.013908871114253998, 0.01700243005529046]",1000,1000,,0.01369222494252026,0.019725576970353723,0.015190941005883118,0.01843627027819554,top1,
RTA100,IS - ranking,pairwise,3.2666666666666657,1.6502525059315434,"[2.799999999999997, 1.8999999999999986, 5.100000000000001]",1000,1000,,0.6666666666666714,5.934166666666658,1.4666666666666754,5.133333333333333,top1,
RTA100,IS - ranking,top1,-3.5666666666666678,4.452340208624374,"[1.3999999999999986, -7.200000000000003, -4.899999999999999]",1000,1000,,-8.033333333333331,1.2999999999999972,-5.533333333333331,-1.6333333333333397,top1,
RTA100,IS - ranking,margin,0.0015373022444546216,0.002035308619990829,"[0.003564102947711943, -0.0005064089149236679, 0.0015542127005755899]",1000,1000,,-0.0006392812788486483,0.0036305878326296807,0.0005705706014608339,0.0024706811384918757,top1,
SugarCrepe,frozen,accuracy,76.83397683397683,,[76.83397683397683],7511,1560,1.0,75.73873536779504,77.90821259556608,75.73873536779504,77.90821259556608,,full
SugarCrepe,ranking,accuracy,76.06177606177607,0.45559682152226433,"[76.24816935161763, 75.54253761150314, 76.39462122220743]",7511,1560,3.0,74.93793156383119,77.17075272961374,75.06042148738241,77.05213231730123,,full
SugarCrepe,IS,accuracy,72.18302045888252,1.3878538983462465,"[72.37385168419651, 70.70962588203967, 73.4655838104114]",7511,1560,3.0,70.52021797181636,73.81550335566702,71.23597174158883,73.10773022054768,,full
SugarCrepe,IS - frozen,accuracy,-4.650956375094306,1.3878538983462465,"[-4.460125149780325, -6.12435095193716, -3.3683930235654316]",7511,1560,,-6.2962522435569035,-3.0515598535155006,-5.616303907708042,-3.7067428438721723,,full
SugarCrepe,IS - ranking,accuracy,-3.878755602893539,0.9519449174305458,"[-3.874317667421124, -4.832911729463461, -2.929037411796031]",7511,1560,,-5.07739448379091,-2.6147529545436066,-4.599755586454899,-3.154448035958679,,full
SugarCrepe,frozen,accuracy,71.67630057803468,,[71.67630057803468],692,497,1.0,68.24224519940915,74.92315634218289,68.24224519940915,74.92315634218289,,add_att
SugarCrepe,ranking,accuracy,68.9306358381503,2.5688423171432295,"[71.82080924855491, 66.90751445086705, 68.0635838150289]",692,497,3.0,64.96337896713014,72.95972755010318,65.86456004877057,71.90444088461709,,add_att
SugarCrepe,IS,accuracy,60.308285163776496,4.228782322483353,"[65.17341040462428, 58.23699421965318, 57.51445086705202]",692,497,3.0,55.39133982188466,65.67904887135656,57.41259081739758,63.24792581747194,,add_att
SugarCrepe,IS - frozen,accuracy,-11.368015414258194,4.228782322483353,"[-6.502890173410407, -13.439306358381508, -14.161849710982665]",692,497,,-16.43066102739491,-6.047394755003458,-14.647501823113677,-8.04255015959873,,add_att
SugarCrepe,IS - ranking,accuracy,-8.622350674373799,1.951313015465237,"[-6.647398843930631, -8.670520231213878, -10.549132947976886]",692,497,,-12.030906465190807,-5.102262678751029,-11.079925497612331,-6.140230383651442,,add_att
SugarCrepe,frozen,accuracy,78.37051406401552,,[78.37051406401552],2062,908,1.0,76.34709403005091,80.29305796861519,76.34709403005091,80.29305796861519,,add_obj
SugarCrepe,ranking,accuracy,74.95958616230196,1.024568501615963,"[76.04267701260912, 74.00581959262851, 74.83026188166828]",2062,908,3.0,72.88447155468367,77.04066916515998,73.13836665596153,76.687805930453,,add_obj
SugarCrepe,IS,accuracy,66.77982541222114,5.095837189787947,"[67.94374393792434, 61.202715809893306, 71.19301648884579]",2062,908,3.0,61.67527478144044,71.48699399114484,65.06297698532484,68.44060029556982,,add_obj
SugarCrepe,IS - frozen,accuracy,-11.59068865179438,5.095837189787947,"[-10.426770126091185, -17.167798254122218, -7.177497575169738]",2062,908,,-16.73222989796394,-6.843302936154066,-13.343302073309463,-9.803872203463454,,add_obj
SugarCrepe,IS - ranking,accuracy,-8.179760750080826,4.5834637383550625,"[-8.09893307468478, -12.803103782735207, -3.637245392822493]",2062,908,,-12.588146582383294,-3.641416336649604,-9.600707311404845,-6.771322877511854,,add_obj
SugarCrepe,frozen,accuracy,79.06091370558376,,[79.06091370558376],788,524,1.0,76.23885037804924,81.76022413682453,76.23885037804924,81.76022413682453,,replace_att
SugarCrepe,ranking,accuracy,79.73773265651438,0.14653560131716345,"[79.82233502538071, 79.56852791878173, 79.82233502538071]",788,524,3.0,77.15586478435846,82.17446270543616,77.28780538609048,82.07353244126489,,replace_att
SugarCrepe,IS,accuracy,77.45346869712351,1.805125913143132,"[75.38071065989848, 78.68020304568527, 78.2994923857868]",788,524,3.0,74.24043434391459,80.38720538720537,75.17091836734694,79.63688319820078,,replace_att
SugarCrepe,IS - frozen,accuracy,-1.6074450084602365,1.8051259131431323,"[-3.680203045685275, -0.3807106598984831, -0.7614213197969519]",788,524,,-4.905757886012394,1.511430425158369,-4.076584582555919,0.9913379212614049,,replace_att
SugarCrepe,IS - ranking,accuracy,-2.2842639593908607,1.8950741780543203,"[-4.441624365482227, -0.888324873096451, -1.5228426395939039]",788,524,,-5.24056333614301,0.5203273762102327,-4.17206363992576,-0.49059497053308354,,replace_att
SugarCrepe,frozen,accuracy,94.0677966101695,,[94.0677966101695],1652,823,1.0,92.82198413794907,95.24375922130487,92.82198413794907,95.24375922130487,,replace_obj
SugarCrepe,ranking,accuracy,93.58353510895886,0.10484569053080366,"[93.52300242130751, 93.7046004842615, 93.52300242130751]",1652,823,3.0,92.36274805466654,94.74412590890829,92.41788442217137,94.72197403931123,,replace_obj
SugarCrepe,IS,accuracy,91.90879741727201,0.35468918142144745,"[92.31234866828088, 91.76755447941889, 91.64648910411623]",1652,823,3.0,90.6493669712601,93.10349822192032,90.78861622052293,93.03396179976716,,replace_obj
SugarCrepe,IS - frozen,accuracy,-2.1589991928974968,0.35468918142144745,"[-1.7554479418886189, -2.300242130750604, -2.4213075060532674]",1652,823,,-3.4193689842240573,-0.9391902468031821,-3.249491470920361,-1.0685321346533039,,replace_obj
SugarCrepe,IS - ranking,accuracy,-1.6747376916868433,0.4030464962759921,"[-1.2106537530266337, -1.937046004842614, -1.8765133171912822]",1652,823,,-2.8087567121024364,-0.5704536909978443,-2.5641025641025696,-0.7793433557822028,,replace_obj
SugarCrepe,frozen,accuracy,65.22048364153628,,[65.22048364153628],1406,777,1.0,62.51737062387201,67.83959611491566,62.51737062387201,67.83959611491566,,replace_rel
SugarCrepe,ranking,accuracy,67.66239924134662,1.366859678084355,"[66.42958748221906, 67.42532005689901, 69.13229018492176]",1406,777,3.0,64.95113787723992,70.46419590723387,65.37911301859799,69.98849387515828,,replace_rel
SugarCrepe,IS,accuracy,67.78093883357042,1.427799423889378,"[66.14509246088194, 68.77667140825035, 68.42105263157895]",1406,777,3.0,65.10004270896066,70.22040636246105,65.86453134260151,69.69723347682958,,replace_rel
SugarCrepe,IS - frozen,accuracy,2.560455192034136,1.427799423889378,"[0.9246088193456643, 3.556187766714075, 3.200568990042669]",1406,777,,-0.4864913260118893,5.50067220435011,0.09309693771983092,5.028735632183896,,replace_rel
SugarCrepe,IS - ranking,accuracy,0.11853959222380202,1.0887588907733468,"[-0.284495021337122, 1.3513513513513402, -0.7112375533428121]",1406,777,,-2.4038631541725666,2.5732229069453525,-1.8050691615782894,2.0124903060901493,,replace_rel
SugarCrepe,frozen,accuracy,62.612612612612615,,[62.612612612612615],666,593,1.0,58.823311546840955,66.41337386018238,58.823311546840955,66.41337386018238,,swap_att
SugarCrepe,ranking,accuracy,61.86186186186186,0.39725995661630614,"[61.711711711711715, 61.56156156156156, 62.312312312312315]",666,593,3.0,58.40638068778985,65.31139738865507,58.69888601989088,65.02505858523133,,swap_att
SugarCrepe,IS,accuracy,60.11011011011011,1.2770120943116203,"[58.85885885885886, 61.411411411411414, 60.06006006006006]",666,593,3.0,56.715592006033184,63.48502886002885,57.23648580297801,62.89531167367961,,swap_att
SugarCrepe,IS - frozen,accuracy,-2.502502502502504,1.2770120943116203,"[-3.753753753753756, -1.2012012012012008, -2.552552552552555]",666,593,,-6.5656565656565675,1.5777327262705632,-6.1326716004193305,1.1293208433301432,,swap_att
SugarCrepe,IS - ranking,accuracy,-1.7517517517517522,1.4191638517275136,"[-2.8528528528528554, -0.15015015015014654, -2.252252252252255]",666,593,,-5.365326867895991,1.8953584015361729,-4.501805640044058,1.0510905642484547,,swap_att
SugarCrepe,frozen,accuracy,60.40816326530612,,[60.40816326530612],245,224,1.0,54.32010582010582,66.66666666666667,54.32010582010582,66.66666666666667,,swap_obj
SugarCrepe,ranking,accuracy,62.31292517006802,4.0884297146440005,"[58.36734693877551, 62.04081632653061, 66.53061224489795]",245,224,3.0,55.51177085007231,68.85245901639344,57.25711222846197,67.35837427733121,,swap_obj
SugarCrepe,IS,accuracy,59.31972789115647,5.168277527407502,"[58.36734693877551, 54.69387755102041, 64.89795918367346]",245,224,3.0,52.36219144165683,66.10878661087865,54.95785514326184,63.674146777355,,swap_obj
SugarCrepe,IS - frozen,accuracy,-1.088435374149661,5.168277527407502,"[-2.04081632653061, -5.714285714285715, 4.489795918367342]",245,224,,-9.602194787379979,7.408172635445355,-7.713498622589526,5.962410520519551,,swap_obj
SugarCrepe,IS - ranking,accuracy,-2.993197278911564,3.857808674491925,"[0.0, -7.346938775510203, -1.632653061224488]",245,224,,-9.960472318376768,3.734828838174262,-7.782220769279831,2.04918032786884,,swap_obj
